{"level":"info","message":" Dresson Server is running on http://localhost:3000","timestamp":"2026-07-15T04:37:32.160Z"}
{"level":"info","message":" Dresson Server is running on http://localhost:3000","timestamp":"2026-07-15T04:38:19.760Z"}
{"level":"info","message":" Dresson Server is running on http://localhost:3000","timestamp":"2026-07-15T04:38:28.872Z"}
{"level":"info","message":" Dresson Server is running on http://localhost:3000","timestamp":"2026-07-15T04:38:30.963Z"}
{"level":"info","message":" Dresson Server is running on http://localhost:3000","timestamp":"2026-07-15T04:38:38.547Z"}
{"level":"info","message":" Dresson Server is running on http://localhost:3000","timestamp":"2026-07-15T04:52:29.376Z"}
{"level":"info","message":" Dresson Server is running on http://localhost:3000","timestamp":"2026-07-15T06:50:17.740Z"}
{"level":"info","message":" Dresson Server is running on http://localhost:3000","timestamp":"2026-07-15T07:04:11.599Z"}
{"level":"info","message":" Dresson Server is running on http://localhost:3000","timestamp":"2026-07-15T07:04:20.996Z"}
{"level":"info","message":" Dresson Server is running on http://localhost:3000","timestamp":"2026-07-15T07:04:37.855Z"}
{"level":"info","message":" Dresson Server is running on http://localhost:3000","timestamp":"2026-07-15T07:04:41.253Z"}
{"level":"info","message":" Dresson Server is running on http://localhost:3000","timestamp":"2026-07-15T07:04:47.737Z"}
{"level":"info","message":" Dresson Server is running on http://localhost:3000","timestamp":"2026-07-15T07:04:48.233Z"}
{"level":"info","message":" Dresson Server is running on http://localhost:3000","timestamp":"2026-07-15T07:04:56.186Z"}
{"level":"info","message":" Dresson Server is running on http://localhost:3000","timestamp":"2026-07-15T07:04:56.662Z"}
{"level":"info","message":" Dresson Server is running on http://localhost:3000","timestamp":"2026-07-15T07:05:04.798Z"}
{"level":"info","message":" Dresson Server is running on http://localhost:3000","timestamp":"2026-07-15T07:05:13.568Z"}
{"level":"info","message":" Dresson Server is running on http://localhost:3000","timestamp":"2026-07-15T07:05:22.087Z"}
{"level":"info","message":" Dresson Server is running on http://localhost:3000","timestamp":"2026-07-15T07:05:23.007Z"}
{"level":"info","message":" Dresson Server is running on http://localhost:3000","timestamp":"2026-07-15T07:10:47.127Z"}
{"level":"info","message":" Dresson Server is running on http://localhost:3000","timestamp":"2026-07-15T07:19:12.129Z"}
{"level":"info","message":" Dresson Server is running on http://localhost:3000","timestamp":"2026-07-15T12:43:54.434Z"}
{"level":"info","message":" Dresson Server is running on http://localhost:3000","timestamp":"2026-07-15T12:49:06.963Z"}
{"level":"info","message":" Dresson Server is running on http://localhost:3000","timestamp":"2026-07-15T14:20:11.415Z"}
{"level":"info","message":" Dresson Server is running on http://localhost:3000","timestamp":"2026-07-15T14:20:15.936Z"}
{"level":"info","message":" Dresson Server is running on http://localhost:3000","timestamp":"2026-07-15T14:20:40.147Z"}
{"level":"info","message":" Dresson Server is running on http://localhost:3000","timestamp":"2026-07-15T14:20:42.388Z"}
{"level":"info","message":" Dresson Server is running on http://localhost:3000","timestamp":"2026-07-15T14:20:44.483Z"}
{"level":"info","message":" Dresson Server is running on http://localhost:3000","timestamp":"2026-07-15T14:21:10.771Z"}
{"level":"info","message":" Dresson Server is running on http://localhost:3000","timestamp":"2026-07-15T14:21:12.068Z"}
{"level":"info","message":" Dresson Server is running on http://localhost:3000","timestamp":"2026-07-15T14:21:12.950Z"}
{"level":"info","message":" Dresson Server is running on http://localhost:3000","timestamp":"2026-07-15T14:21:16.922Z"}
{"level":"info","message":" Dresson Server is running on http://localhost:3000","timestamp":"2026-07-15T14:21:20.082Z"}
{"level":"info","message":" Dresson Server is running on http://localhost:3000","timestamp":"2026-07-15T14:21:22.568Z"}
{"level":"info","message":" Dresson Server is running on http://localhost:3000","timestamp":"2026-07-15T14:21:23.560Z"}
{"level":"info","message":" Dresson Server is running on http://localhost:3000","timestamp":"2026-07-15T14:21:24.453Z"}
{"level":"info","message":" Dresson Server is running on http://localhost:3000","timestamp":"2026-07-15T14:21:24.876Z"}
{"level":"info","message":" Dresson Server is running on http://localhost:3000","timestamp":"2026-07-15T14:21:25.381Z"}
{"level":"info","message":" Dresson Server is running on http://localhost:3000","timestamp":"2026-07-15T14:21:26.041Z"}
{"level":"info","message":" Dresson Server is running on http://localhost:3000","timestamp":"2026-07-15T14:21:26.585Z"}
{"level":"info","message":" Dresson Server is running on http://localhost:3000","timestamp":"2026-07-15T14:21:27.220Z"}
{"level":"info","message":" Dresson Server is running on http://localhost:3000","timestamp":"2026-07-15T14:21:29.874Z"}
{"level":"info","message":" Dresson Server is running on http://localhost:3000","timestamp":"2026-07-15T14:21:30.418Z"}
{"level":"info","message":" Dresson Server is running on http://localhost:3000","timestamp":"2026-07-15T14:21:30.788Z"}
{"level":"info","message":" Dresson Server is running on http://localhost:3000","timestamp":"2026-07-15T14:21:31.279Z"}
{"level":"info","message":" Dresson Server is running on http://localhost:3000","timestamp":"2026-07-15T14:21:32.124Z"}
{"level":"info","message":" Dresson Server is running on http://localhost:3000","timestamp":"2026-07-15T14:21:32.860Z"}
{"level":"info","message":" Dresson Server is running on http://localhost:3000","timestamp":"2026-07-15T14:21:33.277Z"}
{"level":"info","message":" Dresson Server is running on http://localhost:3000","timestamp":"2026-07-15T14:21:33.867Z"}
{"level":"info","message":" Dresson Server is running on http://localhost:3000","timestamp":"2026-07-15T14:21:34.777Z"}
{"level":"info","message":" Dresson Server is running on http://localhost:3000","timestamp":"2026-07-15T14:21:35.335Z"}
{"level":"info","message":" Dresson Server is running on http://localhost:3000","timestamp":"2026-07-15T14:21:36.053Z"}
{"level":"info","message":" Dresson Server is running on http://localhost:3000","timestamp":"2026-07-15T14:21:36.418Z"}
{"level":"info","message":" Dresson Server is running on http://localhost:3000","timestamp":"2026-07-15T14:21:37.055Z"}
{"level":"info","message":" Dresson Server is running on http://localhost:3000","timestamp":"2026-07-15T14:21:37.780Z"}
{"level":"info","message":" Dresson Server is running on http://localhost:3000","timestamp":"2026-07-15T18:07:45.994Z"}
{"level":"info","message":" Dresson Server is running on http://localhost:3000","timestamp":"2026-07-16T00:56:31.791Z"}
{"level":"info","message":" Dresson Server is running on http://localhost:3000","timestamp":"2026-07-16T02:03:10.202Z"}
{"level":"info","message":" Dresson Server is running on http://localhost:3000","timestamp":"2026-07-16T02:38:14.174Z"}
{"level":"info","message":" Dresson Server is running on http://localhost:3000","timestamp":"2026-07-16T02:38:15.559Z"}
{"level":"info","message":" Dresson Server is running on http://localhost:3000","timestamp":"2026-07-16T02:38:25.813Z"}
{"level":"info","message":" Dresson Server is running on http://localhost:3000","timestamp":"2026-07-16T02:38:28.762Z"}
{"level":"info","message":" Dresson Server is running on http://localhost:3000","timestamp":"2026-07-16T02:38:29.144Z"}
{"level":"info","message":" Dresson Server is running on http://localhost:3000","timestamp":"2026-07-16T02:38:29.580Z"}
{"level":"info","message":" Dresson Server is running on http://localhost:3000","timestamp":"2026-07-16T02:38:32.874Z"}
{"level":"info","message":" Dresson Server is running on http://localhost:3000","timestamp":"2026-07-16T02:38:38.555Z"}
{"level":"info","message":" Dresson Server is running on http://localhost:3000","timestamp":"2026-07-16T02:38:40.031Z"}
{"level":"info","message":" Dresson Server is running on http://localhost:3000","timestamp":"2026-07-16T02:38:44.977Z"}
{"level":"info","message":" Dresson Server is running on http://localhost:3000","timestamp":"2026-07-16T02:38:45.412Z"}
{"level":"error","message":"Login Error: Invalid email or password.","stack":"Error: Invalid email or password.\n    at Module.authenticateLocalUser (file:///Users/bster/Desktop/Dresson/src/services/user/authService.js:140:31)\n    at async processLogin (file:///Users/bster/Desktop/Dresson/src/controller/userController/authController.js:79:22)","timestamp":"2026-07-16T02:39:34.231Z"}
{"level":"error","message":"Error saving new address: Please enter a valid 6-digit Pincode.","stack":"Error: Please enter a valid 6-digit Pincode.\n    at Module.addNewAddress (file:///Users/bster/Desktop/Dresson/src/services/user/userAddressService.js:42:15)\n    at processAddAddress (file:///Users/bster/Desktop/Dresson/src/controller/userController/userAddressController.js:57:34)\n    at Layer.handleRequest (/Users/bster/Desktop/Dresson/node_modules/router/lib/layer.js:152:17)\n    at next (/Users/bster/Desktop/Dresson/node_modules/router/lib/route.js:157:13)\n    at Route.dispatch (/Users/bster/Desktop/Dresson/node_modules/router/lib/route.js:117:3)\n    at handle (/Users/bster/Desktop/Dresson/node_modules/router/index.js:435:11)\n    at Layer.handleRequest (/Users/bster/Desktop/Dresson/node_modules/router/lib/layer.js:152:17)\n    at /Users/bster/Desktop/Dresson/node_modules/router/index.js:295:15\n    at processParams (/Users/bster/Desktop/Dresson/node_modules/router/index.js:582:12)\n    at next (/Users/bster/Desktop/Dresson/node_modules/router/index.js:291:5)","timestamp":"2026-07-16T03:47:29.617Z"}
{"level":"info","message":" Dresson Server is running on http://localhost:3000","timestamp":"2026-07-16T03:56:43.869Z"}
{"level":"info","message":" Dresson Server is running on http://localhost:3000","timestamp":"2026-07-16T03:56:59.615Z"}
{"level":"info","message":" Dresson Server is running on http://localhost:3000","timestamp":"2026-07-16T03:57:10.594Z"}
{"level":"info","message":" Dresson Server is running on http://localhost:3000","timestamp":"2026-07-16T03:57:37.410Z"}
{"level":"info","message":" Dresson Server is running on http://localhost:3000","timestamp":"2026-07-16T03:58:17.481Z"}
{"level":"info","message":" Dresson Server is running on http://localhost:3000","timestamp":"2026-07-16T03:58:20.558Z"}
{"level":"info","message":" Dresson Server is running on http://localhost:3000","timestamp":"2026-07-16T03:58:45.630Z"}
{"level":"info","message":" Dresson Server is running on http://localhost:3000","timestamp":"2026-07-16T03:58:46.017Z"}
{"level":"info","message":" Dresson Server is running on http://localhost:3000","timestamp":"2026-07-16T03:59:48.884Z"}
{"level":"info","message":" Dresson Server is running on http://localhost:3000","timestamp":"2026-07-16T04:07:46.608Z"}
{"level":"info","message":" Dresson Server is running on http://localhost:3000","timestamp":"2026-07-16T04:07:47.515Z"}
{"level":"info","message":" Dresson Server is running on http://localhost:3000","timestamp":"2026-07-16T04:08:23.008Z"}
{"level":"info","message":" Dresson Server is running on http://localhost:3000","timestamp":"2026-07-16T04:08:23.655Z"}
{"level":"error","message":"Error saving new address: Please enter a valid 6-digit Pincode.","stack":"Error: Please enter a valid 6-digit Pincode.\n    at Module.addNewAddress (file:///Users/bster/Desktop/Dresson/src/services/user/userAddressService.js:42:15)\n    at processAddAddress (file:///Users/bster/Desktop/Dresson/src/controller/userController/userAddressController.js:58:34)\n    at Layer.handleRequest (/Users/bster/Desktop/Dresson/node_modules/router/lib/layer.js:152:17)\n    at next (/Users/bster/Desktop/Dresson/node_modules/router/lib/route.js:157:13)\n    at Route.dispatch (/Users/bster/Desktop/Dresson/node_modules/router/lib/route.js:117:3)\n    at handle (/Users/bster/Desktop/Dresson/node_modules/router/index.js:435:11)\n    at Layer.handleRequest (/Users/bster/Desktop/Dresson/node_modules/router/lib/layer.js:152:17)\n    at /Users/bster/Desktop/Dresson/node_modules/router/index.js:295:15\n    at processParams (/Users/bster/Desktop/Dresson/node_modules/router/index.js:582:12)\n    at next (/Users/bster/Desktop/Dresson/node_modules/router/index.js:291:5)","timestamp":"2026-07-16T04:09:10.594Z"}
{"level":"error","message":"Error saving new address: Please enter a valid 6-digit Pincode.","stack":"Error: Please enter a valid 6-digit Pincode.\n    at Module.addNewAddress (file:///Users/bster/Desktop/Dresson/src/services/user/userAddressService.js:42:15)\n    at processAddAddress (file:///Users/bster/Desktop/Dresson/src/controller/userController/userAddressController.js:58:34)\n    at Layer.handleRequest (/Users/bster/Desktop/Dresson/node_modules/router/lib/layer.js:152:17)\n    at next (/Users/bster/Desktop/Dresson/node_modules/router/lib/route.js:157:13)\n    at Route.dispatch (/Users/bster/Desktop/Dresson/node_modules/router/lib/route.js:117:3)\n    at handle (/Users/bster/Desktop/Dresson/node_modules/router/index.js:435:11)\n    at Layer.handleRequest (/Users/bster/Desktop/Dresson/node_modules/router/lib/layer.js:152:17)\n    at /Users/bster/Desktop/Dresson/node_modules/router/index.js:295:15\n    at processParams (/Users/bster/Desktop/Dresson/node_modules/router/index.js:582:12)\n    at next (/Users/bster/Desktop/Dresson/node_modules/router/index.js:291:5)","timestamp":"2026-07-16T04:10:24.418Z"}
{"level":"error","message":"Error saving new address: Please enter a valid 6-digit Pincode.","stack":"Error: Please enter a valid 6-digit Pincode.\n    at Module.addNewAddress (file:///Users/bster/Desktop/Dresson/src/services/user/userAddressService.js:42:15)\n    at processAddAddress (file:///Users/bster/Desktop/Dresson/src/controller/userController/userAddressController.js:58:34)\n    at Layer.handleRequest (/Users/bster/Desktop/Dresson/node_modules/router/lib/layer.js:152:17)\n    at next (/Users/bster/Desktop/Dresson/node_modules/router/lib/route.js:157:13)\n    at Route.dispatch (/Users/bster/Desktop/Dresson/node_modules/router/lib/route.js:117:3)\n    at handle (/Users/bster/Desktop/Dresson/node_modules/router/index.js:435:11)\n    at Layer.handleRequest (/Users/bster/Desktop/Dresson/node_modules/router/lib/layer.js:152:17)\n    at /Users/bster/Desktop/Dresson/node_modules/router/index.js:295:15\n    at processParams (/Users/bster/Desktop/Dresson/node_modules/router/index.js:582:12)\n    at next (/Users/bster/Desktop/Dresson/node_modules/router/index.js:291:5)","timestamp":"2026-07-16T04:11:24.499Z"}
{"level":"error","message":"Error saving new address: Please enter a valid 6-digit Pincode.","stack":"Error: Please enter a valid 6-digit Pincode.\n    at Module.addNewAddress (file:///Users/bster/Desktop/Dresson/src/services/user/userAddressService.js:42:15)\n    at processAddAddress (file:///Users/bster/Desktop/Dresson/src/controller/userController/userAddressController.js:58:34)\n    at Layer.handleRequest (/Users/bster/Desktop/Dresson/node_modules/router/lib/layer.js:152:17)\n    at next (/Users/bster/Desktop/Dresson/node_modules/router/lib/route.js:157:13)\n    at Route.dispatch (/Users/bster/Desktop/Dresson/node_modules/router/lib/route.js:117:3)\n    at handle (/Users/bster/Desktop/Dresson/node_modules/router/index.js:435:11)\n    at Layer.handleRequest (/Users/bster/Desktop/Dresson/node_modules/router/lib/layer.js:152:17)\n    at /Users/bster/Desktop/Dresson/node_modules/router/index.js:295:15\n    at processParams (/Users/bster/Desktop/Dresson/node_modules/router/index.js:582:12)\n    at next (/Users/bster/Desktop/Dresson/node_modules/router/index.js:291:5)","timestamp":"2026-07-16T04:11:36.206Z"}
{"level":"error","message":"Error saving new address: Please enter a valid 6-digit Pincode.","stack":"Error: Please enter a valid 6-digit Pincode.\n    at Module.addNewAddress (file:///Users/bster/Desktop/Dresson/src/services/user/userAddressService.js:42:15)\n    at processAddAddress (file:///Users/bster/Desktop/Dresson/src/controller/userController/userAddressController.js:58:34)\n    at Layer.handleRequest (/Users/bster/Desktop/Dresson/node_modules/router/lib/layer.js:152:17)\n    at next (/Users/bster/Desktop/Dresson/node_modules/router/lib/route.js:157:13)\n    at Route.dispatch (/Users/bster/Desktop/Dresson/node_modules/router/lib/route.js:117:3)\n    at handle (/Users/bster/Desktop/Dresson/node_modules/router/index.js:435:11)\n    at Layer.handleRequest (/Users/bster/Desktop/Dresson/node_modules/router/lib/layer.js:152:17)\n    at /Users/bster/Desktop/Dresson/node_modules/router/index.js:295:15\n    at processParams (/Users/bster/Desktop/Dresson/node_modules/router/index.js:582:12)\n    at next (/Users/bster/Desktop/Dresson/node_modules/router/index.js:291:5)","timestamp":"2026-07-16T04:11:39.687Z"}
{"level":"error","message":"Error saving new address: Please enter a valid 6-digit Pincode.","stack":"Error: Please enter a valid 6-digit Pincode.\n    at Module.addNewAddress (file:///Users/bster/Desktop/Dresson/src/services/user/userAddressService.js:42:15)\n    at processAddAddress (file:///Users/bster/Desktop/Dresson/src/controller/userController/userAddressController.js:58:34)\n    at Layer.handleRequest (/Users/bster/Desktop/Dresson/node_modules/router/lib/layer.js:152:17)\n    at next (/Users/bster/Desktop/Dresson/node_modules/router/lib/route.js:157:13)\n    at Route.dispatch (/Users/bster/Desktop/Dresson/node_modules/router/lib/route.js:117:3)\n    at handle (/Users/bster/Desktop/Dresson/node_modules/router/index.js:435:11)\n    at Layer.handleRequest (/Users/bster/Desktop/Dresson/node_modules/router/lib/layer.js:152:17)\n    at /Users/bster/Desktop/Dresson/node_modules/router/index.js:295:15\n    at processParams (/Users/bster/Desktop/Dresson/node_modules/router/index.js:582:12)\n    at next (/Users/bster/Desktop/Dresson/node_modules/router/index.js:291:5)","timestamp":"2026-07-16T04:14:43.142Z"}
{"level":"error","message":"Error saving new address: Please enter a valid 6-digit Pincode.","stack":"Error: Please enter a valid 6-digit Pincode.\n    at Module.addNewAddress (file:///Users/bster/Desktop/Dresson/src/services/user/userAddressService.js:42:15)\n    at processAddAddress (file:///Users/bster/Desktop/Dresson/src/controller/userController/userAddressController.js:58:34)\n    at Layer.handleRequest (/Users/bster/Desktop/Dresson/node_modules/router/lib/layer.js:152:17)\n    at next (/Users/bster/Desktop/Dresson/node_modules/router/lib/route.js:157:13)\n    at Route.dispatch (/Users/bster/Desktop/Dresson/node_modules/router/lib/route.js:117:3)\n    at handle (/Users/bster/Desktop/Dresson/node_modules/router/index.js:435:11)\n    at Layer.handleRequest (/Users/bster/Desktop/Dresson/node_modules/router/lib/layer.js:152:17)\n    at /Users/bster/Desktop/Dresson/node_modules/router/index.js:295:15\n    at processParams (/Users/bster/Desktop/Dresson/node_modules/router/index.js:582:12)\n    at next (/Users/bster/Desktop/Dresson/node_modules/router/index.js:291:5)","timestamp":"2026-07-16T04:14:55.998Z"}
{"level":"info","message":" Dresson Server is running on http://localhost:3000","timestamp":"2026-07-16T05:03:21.058Z"}
{"level":"error","message":"Login Error: Invalid email or password.","stack":"Error: Invalid email or password.\n    at Module.authenticateLocalUser (file:///Users/bster/Desktop/Dresson/src/services/user/authService.js:140:31)\n    at async processLogin (file:///Users/bster/Desktop/Dresson/src/controller/userController/authController.js:79:22)","timestamp":"2026-07-16T07:23:46.113Z"}
{"level":"info","message":" Dresson Server is running on http://localhost:3000","timestamp":"2026-07-16T09:32:47.070Z"}
{"level":"info","message":" Dresson Server is running on http://localhost:3000","timestamp":"2026-07-16T09:33:17.594Z"}
{"level":"info","message":" Dresson Server is running on http://localhost:3000","timestamp":"2026-07-16T09:34:19.751Z"}
{"level":"info","message":" Dresson Server is running on http://localhost:3000","timestamp":"2026-07-16T09:34:28.166Z"}
{"level":"info","message":" Dresson Server is running on http://localhost:3000","timestamp":"2026-07-16T09:34:31.231Z"}
{"level":"info","message":" Dresson Server is running on http://localhost:3000","timestamp":"2026-07-16T09:34:36.499Z"}
{"level":"info","message":" Dresson Server is running on http://localhost:3000","timestamp":"2026-07-16T09:34:39.714Z"}
{"level":"info","message":" Dresson Server is running on http://localhost:3000","timestamp":"2026-07-16T09:34:41.140Z"}
{"level":"info","message":" Dresson Server is running on http://localhost:3000","timestamp":"2026-07-16T09:35:55.639Z"}
{"level":"info","message":" Dresson Server is running on http://localhost:3000","timestamp":"2026-07-16T09:36:01.521Z"}
{"level":"info","message":" Dresson Server is running on http://localhost:3000","timestamp":"2026-07-16T09:36:03.739Z"}
{"level":"info","message":" Dresson Server is running on http://localhost:3000","timestamp":"2026-07-16T09:37:14.316Z"}
{"level":"info","message":" Dresson Server is running on http://localhost:3000","timestamp":"2026-07-16T09:37:37.891Z"}
{"level":"info","message":" Dresson Server is running on http://localhost:3000","timestamp":"2026-07-16T09:37:38.498Z"}
{"level":"info","message":" Dresson Server is running on http://localhost:3000","timestamp":"2026-07-16T09:37:41.875Z"}
{"level":"info","message":" Dresson Server is running on http://localhost:3000","timestamp":"2026-07-16T09:37:42.671Z"}
{"level":"info","message":" Dresson Server is running on http://localhost:3000","timestamp":"2026-07-16T09:37:47.745Z"}
{"level":"info","message":" Dresson Server is running on http://localhost:3000","timestamp":"2026-07-16T09:37:53.474Z"}
{"level":"info","message":" Dresson Server is running on http://localhost:3000","timestamp":"2026-07-16T09:38:20.408Z"}
{"level":"info","message":" Dresson Server is running on http://localhost:3000","timestamp":"2026-07-16T09:38:20.902Z"}
{"level":"info","message":" Dresson Server is running on http://localhost:3000","timestamp":"2026-07-16T09:38:23.476Z"}
{"level":"info","message":" Dresson Server is running on http://localhost:3000","timestamp":"2026-07-16T09:38:23.921Z"}
{"level":"error","message":"Error building dashboard categories view map: Cannot populate path `parentCategory` because it is not in your schema. Set the `strictPopulate` option to false to override.","path":"parentCategory","stack":"StrictPopulateError: Cannot populate path `parentCategory` because it is not in your schema. Set the `strictPopulate` option to false to override.\n    at getModelsMapForPopulate (/Users/bster/Desktop/Dresson/node_modules/mongoose/lib/helpers/populate/getModelsMapForPopulate.js:55:12)\n    at _populatePath (/Users/bster/Desktop/Dresson/node_modules/mongoose/lib/model.js:4495:21)\n    at Function.populate (/Users/bster/Desktop/Dresson/node_modules/mongoose/lib/model.js:4462:21)\n    at model.Query._find (/Users/bster/Desktop/Dresson/node_modules/mongoose/lib/query.js:2511:20)\n    at process.processTicksAndRejections (node:internal/process/task_queues:105:5)\n    at async maybeTracedQueryExec (/Users/bster/Desktop/Dresson/node_modules/mongoose/lib/query.js:4801:65)\n    at async Module.findCategoriesWithFilter (file:///Users/bster/Desktop/Dresson/src/repository/admin/adminCategoryRepository.js:30:12)\n    at async Module.buildCategoriesListDashboard (file:///Users/bster/Desktop/Dresson/src/services/admin/adminCategoryService.js:58:24)\n    at async getCategoriesList (file:///Users/bster/Desktop/Dresson/src/controller/adminController/adminCategoryController.js:42:31)","timestamp":"2026-07-16T09:41:37.267Z"}
{"level":"info","message":" Dresson Server is running on http://localhost:3000","timestamp":"2026-07-16T09:43:12.305Z"}
{"level":"info","message":" Dresson Server is running on http://localhost:3000","timestamp":"2026-07-16T10:04:03.152Z"}
{"level":"info","message":" Dresson Server is running on http://localhost:3000","timestamp":"2026-07-16T10:04:32.988Z"}
{"level":"info","message":" Dresson Server is running on http://localhost:3000","timestamp":"2026-07-16T10:05:18.815Z"}
{"level":"info","message":" Dresson Server is running on http://localhost:3000","timestamp":"2026-07-16T10:05:19.318Z"}
{"level":"info","message":" Dresson Server is running on http://localhost:3000","timestamp":"2026-07-16T10:06:00.967Z"}
{"level":"info","message":" Dresson Server is running on http://localhost:3000","timestamp":"2026-07-16T10:06:21.798Z"}
{"level":"info","message":" Dresson Server is running on http://localhost:3000","timestamp":"2026-07-16T10:07:32.450Z"}
{"level":"info","message":" Dresson Server is running on http://localhost:3000","timestamp":"2026-07-16T10:07:46.427Z"}
{"level":"info","message":" Dresson Server is running on http://localhost:3000","timestamp":"2026-07-16T10:07:59.550Z"}
{"level":"error","message":"Global Error Handler caught:","timestamp":"2026-07-16T10:34:34.921Z"}
{"level":"info","message":" Dresson Server is running on http://localhost:3000","timestamp":"2026-07-16T11:08:36.582Z"}
{"level":"info","message":" Dresson Server is running on http://localhost:3000","timestamp":"2026-07-16T12:23:49.570Z"}
{"level":"info","message":" Dresson Server is running on http://localhost:3000","timestamp":"2026-07-16T13:03:42.092Z"}
{"level":"error","message":"Error publishing new catalog entry: productRepository.createProduct is not a function","stack":"TypeError: productRepository.createProduct is not a function\n    at Module.executeProductCreate (file:///Users/bster/Desktop/Dresson/src/services/admin/adminProductService.js:32:36)\n    at postAddProduct (file:///Users/bster/Desktop/Dresson/src/controller/adminController/adminProductController.js:44:35)\n    at Layer.handleRequest (/Users/bster/Desktop/Dresson/node_modules/router/lib/layer.js:152:17)\n    at next (/Users/bster/Desktop/Dresson/node_modules/router/lib/route.js:157:13)\n    at done (/Users/bster/Desktop/Dresson/node_modules/multer/lib/make-middleware.js:70:7)\n    at indicateDone (/Users/bster/Desktop/Dresson/node_modules/multer/lib/make-middleware.js:74:68)\n    at /Users/bster/Desktop/Dresson/node_modules/multer/lib/make-middleware.js:247:11\n    at WriteStream.<anonymous> (/Users/bster/Desktop/Dresson/node_modules/multer/storage/disk.js:47:9)\n    at WriteStream.emit (node:events:519:35)\n    at finish (node:internal/streams/writable:953:10)","timestamp":"2026-07-16T13:06:26.185Z"}
{"level":"error","message":"Error publishing new catalog entry: productRepository.createProduct is not a function","stack":"TypeError: productRepository.createProduct is not a function\n    at Module.executeProductCreate (file:///Users/bster/Desktop/Dresson/src/services/admin/adminProductService.js:32:36)\n    at postAddProduct (file:///Users/bster/Desktop/Dresson/src/controller/adminController/adminProductController.js:44:35)\n    at Layer.handleRequest (/Users/bster/Desktop/Dresson/node_modules/router/lib/layer.js:152:17)\n    at next (/Users/bster/Desktop/Dresson/node_modules/router/lib/route.js:157:13)\n    at done (/Users/bster/Desktop/Dresson/node_modules/multer/lib/make-middleware.js:70:7)\n    at indicateDone (/Users/bster/Desktop/Dresson/node_modules/multer/lib/make-middleware.js:74:68)\n    at /Users/bster/Desktop/Dresson/node_modules/multer/lib/make-middleware.js:247:11\n    at WriteStream.<anonymous> (/Users/bster/Desktop/Dresson/node_modules/multer/storage/disk.js:47:9)\n    at WriteStream.emit (node:events:519:35)\n    at finish (node:internal/streams/writable:953:10)","timestamp":"2026-07-16T13:07:52.315Z"}
{"level":"info","message":" Dresson Server is running on http://localhost:3000","timestamp":"2026-07-16T13:22:19.372Z"}
{"level":"info","message":" Dresson Server is running on http://localhost:3000","timestamp":"2026-07-16T13:22:38.418Z"}
{"level":"info","message":" Dresson Server is running on http://localhost:3000","timestamp":"2026-07-16T13:22:41.002Z"}
{"level":"info","message":" Dresson Server is running on http://localhost:3000","timestamp":"2026-07-16T13:22:43.047Z"}
{"level":"info","message":" Dresson Server is running on http://localhost:3000","timestamp":"2026-07-16T13:33:31.786Z"}
{"level":"info","message":" Dresson Server is running on http://localhost:3000","timestamp":"2026-07-16T13:33:32.364Z"}
{"_message":"Product validation failed","errors":{"name":{"kind":"required","message":"Path `name` is required.","name":"ValidatorError","path":"name","properties":{"message":"Path `name` is required.","path":"name","type":"required"}}},"level":"error","message":"Error publishing new catalog entry: Product validation failed: name: Path `name` is required.","stack":"ValidationError: Product validation failed: name: Path `name` is required.\n    at model.validate (/Users/bster/Desktop/Dresson/node_modules/mongoose/lib/document.js:2864:36)\n    at process.processTicksAndRejections (node:internal/process/task_queues:105:5)\n    at async model.$__save (/Users/bster/Desktop/Dresson/node_modules/mongoose/lib/model.js:398:7)\n    at async maybeTracedSave (/Users/bster/Desktop/Dresson/node_modules/mongoose/lib/model.js:674:7)\n    at async Function.create (/Users/bster/Desktop/Dresson/node_modules/mongoose/lib/model.js:2762:5)\n    at async Module.createProduct (file:///Users/bster/Desktop/Dresson/src/repository/admin/adminProductRepository.js:37:12)\n    at async Module.executeProductCreate (file:///Users/bster/Desktop/Dresson/src/services/admin/adminProductService.js:35:12)\n    at async postAddProduct (file:///Users/bster/Desktop/Dresson/src/controller/adminController/adminProductController.js:44:9)","timestamp":"2026-07-16T13:35:13.856Z"}
{"level":"info","message":" Dresson Server is running on http://localhost:3000","timestamp":"2026-07-16T13:39:02.801Z"}
{"level":"info","message":" Dresson Server is running on http://localhost:3000","timestamp":"2026-07-16T15:55:58.050Z"}
{"level":"info","message":" Dresson Server is running on http://localhost:3000","timestamp":"2026-07-16T15:56:20.327Z"}
{"level":"info","message":" Dresson Server is running on http://localhost:3000","timestamp":"2026-07-16T15:56:20.921Z"}
{"level":"info","message":" Dresson Server is running on http://localhost:3000","timestamp":"2026-07-16T15:56:26.129Z"}
{"level":"info","message":" Dresson Server is running on http://localhost:3000","timestamp":"2026-07-16T15:56:29.167Z"}
{"level":"info","message":" Dresson Server is running on http://localhost:3000","timestamp":"2026-07-16T15:56:49.896Z"}
{"level":"info","message":" Dresson Server is running on http://localhost:3000","timestamp":"2026-07-16T15:56:50.389Z"}
{"level":"info","message":" Dresson Server is running on http://localhost:3000","timestamp":"2026-07-16T15:56:58.179Z"}
{"level":"info","message":" Dresson Server is running on http://localhost:3000","timestamp":"2026-07-16T15:56:59.289Z"}
{"level":"info","message":" Dresson Server is running on http://localhost:3000","timestamp":"2026-07-16T15:57:09.502Z"}
{"level":"info","message":" Dresson Server is running on http://localhost:3000","timestamp":"2026-07-16T15:58:38.893Z"}
{"level":"info","message":" Dresson Server is running on http://localhost:3000","timestamp":"2026-07-16T15:58:44.019Z"}
{"level":"info","message":" Dresson Server is running on http://localhost:3000","timestamp":"2026-07-16T15:58:46.736Z"}
{"level":"info","message":" Dresson Server is running on http://localhost:3000","timestamp":"2026-07-16T15:58:47.585Z"}
{"level":"info","message":" Dresson Server is running on http://localhost:3000","timestamp":"2026-07-16T15:58:48.319Z"}
{"level":"info","message":" Dresson Server is running on http://localhost:3000","timestamp":"2026-07-16T15:59:40.993Z"}
{"level":"info","message":" Dresson Server is running on http://localhost:3000","timestamp":"2026-07-16T16:06:00.504Z"}
{"level":"info","message":" Dresson Server is running on http://localhost:3000","timestamp":"2026-07-16T16:06:04.702Z"}
{"level":"info","message":" Dresson Server is running on http://localhost:3000","timestamp":"2026-07-16T16:06:17.145Z"}
{"level":"info","message":" Dresson Server is running on http://localhost:3000","timestamp":"2026-07-16T16:06:48.305Z"}
{"level":"info","message":" Dresson Server is running on http://localhost:3000","timestamp":"2026-07-16T16:07:30.043Z"}
{"level":"info","message":" Dresson Server is running on http://localhost:3000","timestamp":"2026-07-16T16:07:31.602Z"}
{"level":"info","message":" Dresson Server is running on http://localhost:3000","timestamp":"2026-07-16T16:07:34.472Z"}
{"level":"info","message":" Dresson Server is running on http://localhost:3000","timestamp":"2026-07-16T16:07:36.918Z"}
{"level":"info","message":" Dresson Server is running on http://localhost:3000","timestamp":"2026-07-16T16:07:38.113Z"}
{"level":"info","message":" Dresson Server is running on http://localhost:3000","timestamp":"2026-07-16T16:07:39.175Z"}
{"level":"info","message":" Dresson Server is running on http://localhost:3000","timestamp":"2026-07-16T16:07:56.820Z"}
{"level":"info","message":" Dresson Server is running on http://localhost:3000","timestamp":"2026-07-16T16:09:26.398Z"}
{"level":"info","message":" Dresson Server is running on http://localhost:3000","timestamp":"2026-07-16T16:16:15.992Z"}
{"level":"info","message":" Dresson Server is running on http://localhost:3000","timestamp":"2026-07-16T16:41:45.973Z"}
{"_message":"Product validation failed","errors":{"images":{"kind":"embedded","message":"Cast to embedded failed for value \"/uploads/undefined\" (type string) at path \"images\" because of \"ObjectParameterError\"","name":"CastError","path":"images","reason":{},"stringValue":"\"/uploads/undefined\"","value":"/uploads/undefined","valueType":"string"}},"level":"error","message":"Error publishing new catalog entry: Product validation failed: images: Cast to embedded failed for value \"/uploads/undefined\" (type string) at path \"images\" because of \"ObjectParameterError\"","stack":"ValidationError: Product validation failed: images: Cast to embedded failed for value \"/uploads/undefined\" (type string) at path \"images\" because of \"ObjectParameterError\"\n    at Document.invalidate (/Users/bster/Desktop/Dresson/node_modules/mongoose/lib/document.js:3454:32)\n    at model.$set (/Users/bster/Desktop/Dresson/node_modules/mongoose/lib/document.js:1530:12)\n    at model.$set (/Users/bster/Desktop/Dresson/node_modules/mongoose/lib/document.js:1170:16)\n    at model.Document (/Users/bster/Desktop/Dresson/node_modules/mongoose/lib/document.js:181:12)\n    at model.Model (/Users/bster/Desktop/Dresson/node_modules/mongoose/lib/model.js:142:12)\n    at new model (/Users/bster/Desktop/Dresson/node_modules/mongoose/lib/model.js:4939:15)\n    at Function.create (/Users/bster/Desktop/Dresson/node_modules/mongoose/lib/model.js:2759:16)\n    at Module.createProduct (file:///Users/bster/Desktop/Dresson/src/repository/admin/adminProductRepository.js:37:26)\n    at Module.executeProductCreate (file:///Users/bster/Desktop/Dresson/src/services/admin/adminProductService.js:34:36)\n    at postAddProduct (file:///Users/bster/Desktop/Dresson/src/controller/adminController/adminProductController.js:50:35)","timestamp":"2026-07-16T16:44:59.390Z"}
{"level":"info","message":" Dresson Server is running on http://localhost:3000","timestamp":"2026-07-16T16:47:07.417Z"}
{"_message":"Product validation failed","errors":{"images.0.public_id":{"kind":"required","message":"Path `public_id` is required.","name":"ValidatorError","path":"public_id","properties":{"message":"Path `public_id` is required.","path":"public_id","type":"required"}},"images.0.url":{"kind":"required","message":"Path `url` is required.","name":"ValidatorError","path":"url","properties":{"message":"Path `url` is required.","path":"url","type":"required"}},"images.1.public_id":{"kind":"required","message":"Path `public_id` is required.","name":"ValidatorError","path":"public_id","properties":{"message":"Path `public_id` is required.","path":"public_id","type":"required"}},"images.1.url":{"kind":"required","message":"Path `url` is required.","name":"ValidatorError","path":"url","properties":{"message":"Path `url` is required.","path":"url","type":"required"}},"images.2.public_id":{"kind":"required","message":"Path `public_id` is required.","name":"ValidatorError","path":"public_id","properties":{"message":"Path `public_id` is required.","path":"public_id","type":"required"}},"images.2.url":{"kind":"required","message":"Path `url` is required.","name":"ValidatorError","path":"url","properties":{"message":"Path `url` is required.","path":"url","type":"required"}}},"level":"error","message":"Error publishing new catalog entry: Product validation failed: images.0.url: Path `url` is required., images.0.public_id: Path `public_id` is required., images.1.url: Path `url` is required., images.1.public_id: Path `public_id` is required., images.2.url: Path `url` is required., images.2.public_id: Path `public_id` is required.","stack":"ValidationError: Product validation failed: images.0.url: Path `url` is required., images.0.public_id: Path `public_id` is required., images.1.url: Path `url` is required., images.1.public_id: Path `public_id` is required., images.2.url: Path `url` is required., images.2.public_id: Path `public_id` is required.\n    at Document.invalidate (/Users/bster/Desktop/Dresson/node_modules/mongoose/lib/document.js:3454:32)\n    at Subdocument.invalidate (/Users/bster/Desktop/Dresson/node_modules/mongoose/lib/types/subdocument.js:231:12)\n    at EmbeddedDocument.validate (/Users/bster/Desktop/Dresson/node_modules/mongoose/lib/document.js:2866:13)\n    at process.processTicksAndRejections (node:internal/process/task_queues:105:5)\n    at async Promise.all (index 0)\n    at async SchemaDocumentArray.doValidate (/Users/bster/Desktop/Dresson/node_modules/mongoose/lib/schema/documentArray.js:268:3)\n    at async Promise.all (index 5)\n    at async model.validate (/Users/bster/Desktop/Dresson/node_modules/mongoose/lib/document.js:2857:30)\n    at async model.$__save (/Users/bster/Desktop/Dresson/node_modules/mongoose/lib/model.js:398:7)\n    at async maybeTracedSave (/Users/bster/Desktop/Dresson/node_modules/mongoose/lib/model.js:674:7)","timestamp":"2026-07-16T16:49:36.930Z"}
{"level":"info","message":" Dresson Server is running on http://localhost:3000","timestamp":"2026-07-16T16:53:47.776Z"}
{"level":"info","message":" Dresson Server is running on http://localhost:3000","timestamp":"2026-07-16T16:56:04.912Z"}
{"level":"info","message":" Dresson Server is running on http://localhost:3000","timestamp":"2026-07-16T17:02:34.526Z"}
{"level":"info","message":" Dresson Server is running on http://localhost:3000","timestamp":"2026-07-16T17:02:48.304Z"}
{"level":"info","message":" Dresson Server is running on http://localhost:3000","timestamp":"2026-07-16T17:02:48.695Z"}
{"level":"info","message":" Dresson Server is running on http://localhost:3000","timestamp":"2026-07-16T17:02:56.468Z"}
{"level":"info","message":" Dresson Server is running on http://localhost:3000","timestamp":"2026-07-16T17:02:56.988Z"}
{"level":"info","message":" Dresson Server is running on http://localhost:3000","timestamp":"2026-07-16T17:03:05.907Z"}
{"level":"info","message":" Dresson Server is running on http://localhost:3000","timestamp":"2026-07-16T17:03:07.627Z"}
{"level":"info","message":" Dresson Server is running on http://localhost:3000","timestamp":"2026-07-16T17:03:12.781Z"}
{"level":"info","message":" Dresson Server is running on http://localhost:3000","timestamp":"2026-07-16T17:03:13.338Z"}
{"level":"info","message":" Dresson Server is running on http://localhost:3000","timestamp":"2026-07-16T17:03:17.500Z"}
{"level":"info","message":" Dresson Server is running on http://localhost:3000","timestamp":"2026-07-16T17:03:24.346Z"}
{"level":"info","message":" Dresson Server is running on http://localhost:3000","timestamp":"2026-07-16T17:03:26.885Z"}
{"level":"info","message":" Dresson Server is running on http://localhost:3000","timestamp":"2026-07-16T17:03:29.239Z"}
{"level":"info","message":" Dresson Server is running on http://localhost:3000","timestamp":"2026-07-16T17:03:32.750Z"}
{"level":"info","message":" Dresson Server is running on http://localhost:3000","timestamp":"2026-07-16T17:03:35.910Z"}
{"level":"info","message":" Dresson Server is running on http://localhost:3000","timestamp":"2026-07-16T17:03:38.500Z"}
{"level":"info","message":" Dresson Server is running on http://localhost:3000","timestamp":"2026-07-16T17:03:43.018Z"}
{"level":"info","message":" Dresson Server is running on http://localhost:3000","timestamp":"2026-07-16T17:03:46.013Z"}
{"level":"info","message":" Dresson Server is running on http://localhost:3000","timestamp":"2026-07-16T17:03:51.104Z"}
{"level":"info","message":" Dresson Server is running on http://localhost:3000","timestamp":"2026-07-16T17:03:57.257Z"}
{"level":"info","message":" Dresson Server is running on http://localhost:3000","timestamp":"2026-07-16T17:05:13.157Z"}
{"level":"info","message":" Dresson Server is running on http://localhost:3000","timestamp":"2026-07-16T17:05:14.446Z"}
{"level":"info","message":" Dresson Server is running on http://localhost:3000","timestamp":"2026-07-16T17:05:35.657Z"}
{"level":"info","message":" Dresson Server is running on http://localhost:3000","timestamp":"2026-07-16T17:05:50.659Z"}
{"level":"info","message":" Dresson Server is running on http://localhost:3000","timestamp":"2026-07-16T17:05:55.434Z"}
{"level":"info","message":" Dresson Server is running on http://localhost:3000","timestamp":"2026-07-16T17:06:07.635Z"}
{"level":"info","message":" Dresson Server is running on http://localhost:3000","timestamp":"2026-07-16T17:06:44.770Z"}
{"level":"info","message":" Dresson Server is running on http://localhost:3000","timestamp":"2026-07-16T17:07:32.850Z"}
{"level":"info","message":" Dresson Server is running on http://localhost:3000","timestamp":"2026-07-16T17:57:32.670Z"}
{"level":"info","message":" Dresson Server is running on http://localhost:3000","timestamp":"2026-07-16T18:28:37.466Z"}
{"level":"info","message":" Dresson Server is running on http://localhost:3000","timestamp":"2026-07-16T18:36:05.754Z"}
{"level":"info","message":" Dresson Server is running on http://localhost:3000","timestamp":"2026-07-16T18:38:38.010Z"}
{"level":"info","message":" Dresson Server is running on http://localhost:3000","timestamp":"2026-07-16T18:38:49.095Z"}
{"level":"info","message":" Dresson Server is running on http://localhost:3000","timestamp":"2026-07-16T18:38:52.612Z"}
{"level":"info","message":" Dresson Server is running on http://localhost:3000","timestamp":"2026-07-16T18:38:56.793Z"}
{"level":"info","message":" Dresson Server is running on http://localhost:3000","timestamp":"2026-07-17T00:34:27.456Z"}
{"level":"info","message":" Dresson Server is running on http://localhost:3000","timestamp":"2026-07-17T00:34:27.933Z"}
{"level":"info","message":" Dresson Server is running on http://localhost:3000","timestamp":"2026-07-17T00:42:21.843Z"}
{"level":"info","message":" Dresson Server is running on http://localhost:3000","timestamp":"2026-07-17T00:42:22.855Z"}
{"level":"info","message":" Dresson Server is running on http://localhost:3000","timestamp":"2026-07-17T00:43:13.341Z"}
{"level":"info","message":" Dresson Server is running on http://localhost:3000","timestamp":"2026-07-17T00:43:14.827Z"}
{"level":"info","message":" Dresson Server is running on http://localhost:3000","timestamp":"2026-07-17T00:43:21.908Z"}
{"level":"info","message":" Dresson Server is running on http://localhost:3000","timestamp":"2026-07-17T00:43:32.766Z"}
{"level":"info","message":" Dresson Server is running on http://localhost:3000","timestamp":"2026-07-17T00:43:41.463Z"}
{"level":"info","message":" Dresson Server is running on http://localhost:3000","timestamp":"2026-07-17T00:44:16.486Z"}
{"level":"info","message":" Dresson Server is running on http://localhost:3000","timestamp":"2026-07-17T00:44:17.111Z"}
{"level":"info","message":" Dresson Server is running on http://localhost:3000","timestamp":"2026-07-17T00:45:57.028Z"}
{"level":"info","message":" Dresson Server is running on http://localhost:3000","timestamp":"2026-07-17T00:45:58.940Z"}
{"level":"info","message":" Dresson Server is running on http://localhost:3000","timestamp":"2026-07-17T00:46:02.253Z"}
{"level":"info","message":" Dresson Server is running on http://localhost:3000","timestamp":"2026-07-17T00:47:21.689Z"}
{"level":"info","message":" Dresson Server is running on http://localhost:3000","timestamp":"2026-07-17T00:50:09.676Z"}
{"level":"error","message":"Global Error Handler caught:","timestamp":"2026-07-17T00:50:36.552Z"}
{"level":"info","message":" Dresson Server is running on http://localhost:3000","timestamp":"2026-07-17T00:52:02.379Z"}
{"level":"info","message":" Dresson Server is running on http://localhost:3000","timestamp":"2026-07-17T00:52:56.212Z"}
{"level":"info","message":" Dresson Server is running on http://localhost:3000","timestamp":"2026-07-17T00:52:56.915Z"}
{"level":"info","message":" Dresson Server is running on http://localhost:3000","timestamp":"2026-07-17T00:53:01.761Z"}
{"level":"error","message":"Global Error Handler caught:","timestamp":"2026-07-17T00:56:32.348Z"}
{"level":"error","message":"Global Error Handler caught:","timestamp":"2026-07-17T00:57:04.714Z"}
{"level":"info","message":" Dresson Server is running on http://localhost:3000","timestamp":"2026-07-17T00:58:02.678Z"}
{"level":"info","message":" Dresson Server is running on http://localhost:3000","timestamp":"2026-07-17T00:58:19.246Z"}
{"level":"info","message":" Dresson Server is running on http://localhost:3000","timestamp":"2026-07-17T00:59:28.824Z"}
{"level":"info","message":" Dresson Server is running on http://localhost:3000","timestamp":"2026-07-17T01:01:38.875Z"}
{"level":"info","message":" Dresson Server is running on http://localhost:3000","timestamp":"2026-07-17T01:01:44.161Z"}
{"level":"error","message":"Home Page Error: userProductService is not defined","stack":"ReferenceError: userProductService is not defined\n    at loadHome (file:///Users/bster/Desktop/Dresson/src/controller/userController/authController.js:225:29)\n    at Layer.handleRequest (/Users/bster/Desktop/Dresson/node_modules/router/lib/layer.js:152:17)\n    at next (/Users/bster/Desktop/Dresson/node_modules/router/lib/route.js:157:13)\n    at Route.dispatch (/Users/bster/Desktop/Dresson/node_modules/router/lib/route.js:117:3)\n    at handle (/Users/bster/Desktop/Dresson/node_modules/router/index.js:435:11)\n    at Layer.handleRequest (/Users/bster/Desktop/Dresson/node_modules/router/lib/layer.js:152:17)\n    at /Users/bster/Desktop/Dresson/node_modules/router/index.js:295:15\n    at processParams (/Users/bster/Desktop/Dresson/node_modules/router/index.js:582:12)\n    at next (/Users/bster/Desktop/Dresson/node_modules/router/index.js:291:5)\n    at Function.handle (/Users/bster/Desktop/Dresson/node_modules/router/index.js:186:3)","timestamp":"2026-07-17T01:01:58.295Z"}
{"level":"info","message":" Dresson Server is running on http://localhost:3000","timestamp":"2026-07-17T01:03:05.182Z"}
{"level":"info","message":" Dresson Server is running on http://localhost:3000","timestamp":"2026-07-17T01:06:56.165Z"}
{"level":"info","message":" Dresson Server is running on http://localhost:3000","timestamp":"2026-07-17T01:07:02.624Z"}
{"level":"info","message":" Dresson Server is running on http://localhost:3000","timestamp":"2026-07-17T01:07:56.029Z"}
{"level":"info","message":" Dresson Server is running on http://localhost:3000","timestamp":"2026-07-17T01:29:36.903Z"}
{"level":"info","message":" Dresson Server is running on http://localhost:3000","timestamp":"2026-07-17T01:41:22.006Z"}
{"level":"info","message":" Dresson Server is running on http://localhost:3000","timestamp":"2026-07-17T01:45:43.626Z"}
{"level":"info","message":" Dresson Server is running on http://localhost:3000","timestamp":"2026-07-17T01:45:52.753Z"}
{"level":"info","message":" Dresson Server is running on http://localhost:3000","timestamp":"2026-07-17T01:58:58.475Z"}
{"level":"info","message":" Dresson Server is running on http://localhost:3000","timestamp":"2026-07-17T01:59:01.125Z"}
{"level":"info","message":" Dresson Server is running on http://localhost:3000","timestamp":"2026-07-17T01:59:04.119Z"}
{"level":"info","message":" Dresson Server is running on http://localhost:3000","timestamp":"2026-07-17T02:36:45.138Z"}
{"level":"info","message":" Dresson Server is running on http://localhost:3000","timestamp":"2026-07-17T02:37:02.175Z"}
{"level":"info","message":" Dresson Server is running on http://localhost:3000","timestamp":"2026-07-17T02:37:08.517Z"}
{"level":"info","message":" Dresson Server is running on http://localhost:3000","timestamp":"2026-07-17T02:37:09.564Z"}
{"level":"info","message":" Dresson Server is running on http://localhost:3000","timestamp":"2026-07-17T02:37:21.787Z"}
{"level":"info","message":" Dresson Server is running on http://localhost:3000","timestamp":"2026-07-17T02:37:22.243Z"}
{"level":"info","message":" Dresson Server is running on http://localhost:3000","timestamp":"2026-07-17T02:37:32.537Z"}
{"level":"info","message":" Dresson Server is running on http://localhost:3000","timestamp":"2026-07-17T02:37:40.234Z"}
{"_message":"Product validation failed","errors":{"subCategory":{"kind":"required","message":"Path `subCategory` is required.","name":"ValidatorError","path":"subCategory","properties":{"message":"Path `subCategory` is required.","path":"subCategory","type":"required"}}},"level":"error","message":"Error publishing new catalog entry: Product validation failed: subCategory: Path `subCategory` is required.","stack":"ValidationError: Product validation failed: subCategory: Path `subCategory` is required.\n    at model.validate (/Users/bster/Desktop/Dresson/node_modules/mongoose/lib/document.js:2864:36)\n    at process.processTicksAndRejections (node:internal/process/task_queues:105:5)\n    at async model.$__save (/Users/bster/Desktop/Dresson/node_modules/mongoose/lib/model.js:398:7)\n    at async maybeTracedSave (/Users/bster/Desktop/Dresson/node_modules/mongoose/lib/model.js:674:7)\n    at async Function.create (/Users/bster/Desktop/Dresson/node_modules/mongoose/lib/model.js:2762:5)\n    at async Module.createProduct (file:///Users/bster/Desktop/Dresson/src/repository/admin/adminProductRepository.js:37:12)\n    at async Module.executeProductCreate (file:///Users/bster/Desktop/Dresson/src/services/admin/adminProductService.js:38:12)\n    at async postAddProduct (file:///Users/bster/Desktop/Dresson/src/controller/adminController/adminProductController.js:47:9)","timestamp":"2026-07-17T02:45:29.132Z"}
{"level":"info","message":" Dresson Server is running on http://localhost:3000","timestamp":"2026-07-17T03:00:14.662Z"}
{"code":11000,"errorLabelSet":{},"errorResponse":{"code":11000,"errmsg":"E11000 duplicate key error collection: dresson.products index: variants.sku_1 dup key: { variants.sku: \"BIB-BIB-M\" }","index":0,"keyPattern":{"variants.sku":1},"keyValue":{"variants.sku":"BIB-BIB-M"}},"index":0,"keyPattern":{"variants.sku":1},"keyValue":{"variants.sku":"BIB-BIB-M"},"level":"error","message":"Error publishing new catalog entry: E11000 duplicate key error collection: dresson.products index: variants.sku_1 dup key: { variants.sku: \"BIB-BIB-M\" }","stack":"MongoServerError: E11000 duplicate key error collection: dresson.products index: variants.sku_1 dup key: { variants.sku: \"BIB-BIB-M\" }\n    at InsertOneOperation.handleOk (/Users/bster/Desktop/Dresson/node_modules/mongodb/lib/operations/insert.js:51:19)\n    at executeOperationWithRetries (/Users/bster/Desktop/Dresson/node_modules/mongodb/lib/operations/execute_operation.js:194:34)\n    at process.processTicksAndRejections (node:internal/process/task_queues:105:5)\n    at async executeOperation (/Users/bster/Desktop/Dresson/node_modules/mongodb/lib/operations/execute_operation.js:83:16)\n    at async Collection.insertOne (/Users/bster/Desktop/Dresson/node_modules/mongodb/lib/collection.js:154:16)\n    at async model.$__save (/Users/bster/Desktop/Dresson/node_modules/mongoose/lib/model.js:433:16)\n    at async maybeTracedSave (/Users/bster/Desktop/Dresson/node_modules/mongoose/lib/model.js:674:7)\n    at async Function.create (/Users/bster/Desktop/Dresson/node_modules/mongoose/lib/model.js:2762:5)\n    at async Module.createProduct (file:///Users/bster/Desktop/Dresson/src/repository/admin/adminProductRepository.js:37:12)\n    at async Module.executeProductCreate (file:///Users/bster/Desktop/Dresson/src/services/admin/adminProductService.js:41:12)","timestamp":"2026-07-17T03:01:56.718Z"}
{"level":"info","message":" Dresson Server is running on http://localhost:3000","timestamp":"2026-07-17T03:04:32.401Z"}
{"level":"info","message":" Dresson Server is running on http://localhost:3000","timestamp":"2026-07-17T05:24:33.218Z"}
{"level":"info","message":" Dresson Server is running on http://localhost:3000","timestamp":"2026-07-17T05:34:06.438Z"}
{"level":"info","message":" Dresson Server is running on http://localhost:3000","timestamp":"2026-07-17T05:57:58.817Z"}
{"level":"info","message":" Dresson Server is running on http://localhost:3000","timestamp":"2026-07-17T05:57:59.732Z"}
{"level":"info","message":" Dresson Server is running on http://localhost:3000","timestamp":"2026-07-17T05:58:04.410Z"}
{"level":"info","message":" Dresson Server is running on http://localhost:3000","timestamp":"2026-07-17T05:58:49.709Z"}
{"level":"info","message":" Dresson Server is running on http://localhost:3000","timestamp":"2026-07-17T06:02:38.924Z"}
{"level":"info","message":" Dresson Server is running on http://localhost:3000","timestamp":"2026-07-17T06:02:42.755Z"}
{"level":"info","message":" Dresson Server is running on http://localhost:3000","timestamp":"2026-07-17T06:03:32.365Z"}
{"level":"info","message":" Dresson Server is running on http://localhost:3000","timestamp":"2026-07-17T06:03:33.707Z"}
{"level":"info","message":" Dresson Server is running on http://localhost:3000","timestamp":"2026-07-17T06:03:47.981Z"}
{"level":"info","message":" Dresson Server is running on http://localhost:3000","timestamp":"2026-07-17T06:03:50.836Z"}
{"level":"info","message":" Dresson Server is running on http://localhost:3000","timestamp":"2026-07-17T06:03:52.398Z"}
{"level":"info","message":" Dresson Server is running on http://localhost:3000","timestamp":"2026-07-17T06:03:58.489Z"}
{"level":"info","message":" Dresson Server is running on http://localhost:3000","timestamp":"2026-07-17T06:04:02.649Z"}
{"level":"info","message":" Dresson Server is running on http://localhost:3000","timestamp":"2026-07-17T06:04:03.478Z"}
{"level":"info","message":" Dresson Server is running on http://localhost:3000","timestamp":"2026-07-17T06:04:04.694Z"}
{"level":"info","message":" Dresson Server is running on http://localhost:3000","timestamp":"2026-07-17T06:04:40.815Z"}
{"level":"info","message":" Dresson Server is running on http://localhost:3000","timestamp":"2026-07-17T06:04:45.498Z"}
{"level":"info","message":" Dresson Server is running on http://localhost:3000","timestamp":"2026-07-17T06:04:53.090Z"}
{"level":"info","message":" Dresson Server is running on http://localhost:3000","timestamp":"2026-07-17T06:04:55.691Z"}
{"level":"info","message":" Dresson Server is running on http://localhost:3000","timestamp":"2026-07-17T06:04:56.844Z"}
{"level":"info","message":" Dresson Server is running on http://localhost:3000","timestamp":"2026-07-17T06:04:59.655Z"}
{"level":"info","message":" Dresson Server is running on http://localhost:3000","timestamp":"2026-07-17T06:05:06.832Z"}
{"level":"info","message":" Dresson Server is running on http://localhost:3000","timestamp":"2026-07-17T06:05:12.372Z"}
{"level":"info","message":" Dresson Server is running on http://localhost:3000","timestamp":"2026-07-17T06:05:17.135Z"}
{"level":"info","message":" Dresson Server is running on http://localhost:3000","timestamp":"2026-07-17T06:05:18.085Z"}
{"level":"info","message":" Dresson Server is running on http://localhost:3000","timestamp":"2026-07-17T06:05:24.209Z"}
{"level":"info","message":" Dresson Server is running on http://localhost:3000","timestamp":"2026-07-17T06:05:25.998Z"}
{"level":"info","message":" Dresson Server is running on http://localhost:3000","timestamp":"2026-07-17T06:07:22.492Z"}
{"level":"info","message":" Dresson Server is running on http://localhost:3000","timestamp":"2026-07-17T06:07:31.963Z"}
{"level":"info","message":" Dresson Server is running on http://localhost:3000","timestamp":"2026-07-17T06:07:46.954Z"}
{"level":"info","message":" Dresson Server is running on http://localhost:3000","timestamp":"2026-07-17T06:07:52.446Z"}
{"level":"info","message":" Dresson Server is running on http://localhost:3000","timestamp":"2026-07-17T06:07:58.827Z"}
{"level":"info","message":" Dresson Server is running on http://localhost:3000","timestamp":"2026-07-17T06:08:00.777Z"}
{"level":"info","message":" Dresson Server is running on http://localhost:3000","timestamp":"2026-07-17T06:08:01.431Z"}
{"level":"info","message":" Dresson Server is running on http://localhost:3000","timestamp":"2026-07-17T06:08:02.090Z"}
{"level":"info","message":" Dresson Server is running on http://localhost:3000","timestamp":"2026-07-17T06:08:02.986Z"}
{"level":"info","message":" Dresson Server is running on http://localhost:3000","timestamp":"2026-07-17T06:08:04.015Z"}
{"level":"info","message":" Dresson Server is running on http://localhost:3000","timestamp":"2026-07-17T06:08:05.038Z"}
{"level":"info","message":" Dresson Server is running on http://localhost:3000","timestamp":"2026-07-17T06:08:06.552Z"}
{"level":"info","message":" Dresson Server is running on http://localhost:3000","timestamp":"2026-07-17T06:08:07.784Z"}
{"level":"info","message":" Dresson Server is running on http://localhost:3000","timestamp":"2026-07-17T06:08:09.079Z"}
{"level":"info","message":" Dresson Server is running on http://localhost:3000","timestamp":"2026-07-17T06:08:10.012Z"}
{"level":"info","message":" Dresson Server is running on http://localhost:3000","timestamp":"2026-07-17T06:08:10.342Z"}
{"level":"info","message":" Dresson Server is running on http://localhost:3000","timestamp":"2026-07-17T06:08:11.482Z"}
{"level":"info","message":" Dresson Server is running on http://localhost:3000","timestamp":"2026-07-17T06:08:12.041Z"}
{"level":"info","message":" Dresson Server is running on http://localhost:3000","timestamp":"2026-07-17T06:08:12.409Z"}
{"level":"info","message":" Dresson Server is running on http://localhost:3000","timestamp":"2026-07-17T06:08:13.577Z"}
{"level":"info","message":" Dresson Server is running on http://localhost:3000","timestamp":"2026-07-17T06:08:14.550Z"}
{"level":"info","message":" Dresson Server is running on http://localhost:3000","timestamp":"2026-07-17T06:08:15.091Z"}
{"level":"info","message":" Dresson Server is running on http://localhost:3000","timestamp":"2026-07-17T06:08:15.680Z"}
{"level":"info","message":" Dresson Server is running on http://localhost:3000","timestamp":"2026-07-17T06:08:16.364Z"}
{"level":"info","message":" Dresson Server is running on http://localhost:3000","timestamp":"2026-07-17T06:08:16.856Z"}
{"level":"info","message":" Dresson Server is running on http://localhost:3000","timestamp":"2026-07-17T06:08:17.306Z"}
{"level":"info","message":" Dresson Server is running on http://localhost:3000","timestamp":"2026-07-17T06:08:17.774Z"}
{"level":"info","message":" Dresson Server is running on http://localhost:3000","timestamp":"2026-07-17T06:08:58.794Z"}
{"level":"info","message":" Dresson Server is running on http://localhost:3000","timestamp":"2026-07-17T07:08:18.139Z"}
{"level":"info","message":" Dresson Server is running on http://localhost:3000","timestamp":"2026-07-17T07:09:31.721Z"}
{"level":"error","message":"Failure during category transaction execution: Configuration Lockout: \"Innerwear , pants\" already exists inside this taxonomy position.","stack":"Error: Configuration Lockout: \"Innerwear , pants\" already exists inside this taxonomy position.\n    at Module.executeCategoryCreation (file:///Users/bster/Desktop/Dresson/src/services/admin/adminCategoryService.js:27:15)\n    at process.processTicksAndRejections (node:internal/process/task_queues:105:5)\n    at async postAddCategory (file:///Users/bster/Desktop/Dresson/src/controller/adminController/adminCategoryController.js:21:9)","timestamp":"2026-07-17T07:46:49.549Z"}
{"level":"info","message":"OTP sent to sajithpecoder@gmail.com for signup","timestamp":"2026-07-17T08:10:41.685Z"}
{"level":"info","message":"OTP sent to sajithpecoder@gmail.com for signup","timestamp":"2026-07-17T08:13:15.253Z"}
{"level":"error","message":"OTP Verification error:","timestamp":"2026-07-17T08:14:07.558Z"}
{"level":"info","message":" Dresson Server is running on http://localhost:3000","timestamp":"2026-07-17T08:32:44.788Z"}
{"level":"info","message":" Dresson Server is running on http://localhost:3000","timestamp":"2026-07-17T08:33:19.737Z"}
{"level":"info","message":" Dresson Server is running on http://localhost:3000","timestamp":"2026-07-17T08:33:20.668Z"}
{"level":"info","message":" Dresson Server is running on http://localhost:3000","timestamp":"2026-07-17T08:33:22.789Z"}
{"level":"info","message":" Dresson Server is running on http://localhost:3000","timestamp":"2026-07-17T08:33:34.996Z"}
{"level":"info","message":" Dresson Server is running on http://localhost:3000","timestamp":"2026-07-17T08:33:44.258Z"}
{"level":"info","message":" Dresson Server is running on http://localhost:3000","timestamp":"2026-07-17T08:33:46.451Z"}
{"level":"info","message":" Dresson Server is running on http://localhost:3000","timestamp":"2026-07-17T08:33:47.156Z"}
{"level":"info","message":" Dresson Server is running on http://localhost:3000","timestamp":"2026-07-17T08:33:49.783Z"}
{"level":"info","message":" Dresson Server is running on http://localhost:3000","timestamp":"2026-07-17T08:34:06.221Z"}
{"level":"info","message":" Dresson Server is running on http://localhost:3000","timestamp":"2026-07-17T08:34:20.220Z"}
{"level":"info","message":" Dresson Server is running on http://localhost:3000","timestamp":"2026-07-17T08:34:37.057Z"}
{"level":"error","message":"Failure during category transaction execution: Configuration Lockout: \"Bottom wear\" already exists inside this taxonomy position.","stack":"Error: Configuration Lockout: \"Bottom wear\" already exists inside this taxonomy position.\n    at Module.executeCategoryCreation (file:///Users/bster/Desktop/Dresson/src/services/admin/adminCategoryService.js:27:15)\n    at process.processTicksAndRejections (node:internal/process/task_queues:105:5)\n    at async postAddCategory (file:///Users/bster/Desktop/Dresson/src/controller/adminController/adminCategoryController.js:21:9)","timestamp":"2026-07-17T16:25:13.042Z"}
{"level":"error","message":"Failure during category transaction execution: Configuration Lockout: \"Jeans, Trousers, Cargo Shorts, Track Pants\" already exists inside this taxonomy position.","stack":"Error: Configuration Lockout: \"Jeans, Trousers, Cargo Shorts, Track Pants\" already exists inside this taxonomy position.\n    at Module.executeCategoryCreation (file:///Users/bster/Desktop/Dresson/src/services/admin/adminCategoryService.js:27:15)\n    at process.processTicksAndRejections (node:internal/process/task_queues:105:5)\n    at async postAddCategory (file:///Users/bster/Desktop/Dresson/src/controller/adminController/adminCategoryController.js:21:9)","timestamp":"2026-07-17T16:26:42.020Z"}
{"level":"info","message":" Dresson Server is running on http://localhost:3000","timestamp":"2026-07-17T17:02:08.123Z"}
{"level":"info","message":" Dresson Server is running on http://localhost:3000","timestamp":"2026-07-17T17:02:08.630Z"}
{"level":"info","message":" Dresson Server is running on http://localhost:3000","timestamp":"2026-07-17T17:02:25.994Z"}
{"level":"info","message":" Dresson Server is running on http://localhost:3000","timestamp":"2026-07-17T17:02:32.180Z"}
{"level":"info","message":" Dresson Server is running on http://localhost:3000","timestamp":"2026-07-17T17:02:33.018Z"}
{"level":"error","message":"Global Error Handler caught:","timestamp":"2026-07-17T17:44:17.471Z"}
{"level":"error","message":"Failure during category transaction execution: Configuration Lockout: \"Top Wear\" already exists inside this taxonomy position.","stack":"Error: Configuration Lockout: \"Top Wear\" already exists inside this taxonomy position.\n    at Module.executeCategoryCreation (file:///Users/bster/Desktop/Dresson/src/services/admin/adminCategoryService.js:27:15)\n    at process.processTicksAndRejections (node:internal/process/task_queues:105:5)\n    at async postAddCategory (file:///Users/bster/Desktop/Dresson/src/controller/adminController/adminCategoryController.js:22:9)","timestamp":"2026-07-17T17:46:32.562Z"}
{"level":"info","message":" Dresson Server is running on http://localhost:3000","timestamp":"2026-07-17T18:35:39.840Z"}
{"level":"error","message":"Global Error Handler caught:","timestamp":"2026-07-17T18:37:39.537Z"}
{"level":"error","message":"Failure during category transaction execution: Configuration Lockout: \"Top wear\" already exists inside this taxonomy position.","stack":"Error: Configuration Lockout: \"Top wear\" already exists inside this taxonomy position.\n    at Module.executeCategoryCreation (file:///Users/bster/Desktop/Dresson/src/services/admin/adminCategoryService.js:27:15)\n    at process.processTicksAndRejections (node:internal/process/task_queues:105:5)\n    at async postAddCategory (file:///Users/bster/Desktop/Dresson/src/controller/adminController/adminCategoryController.js:22:9)","timestamp":"2026-07-17T18:39:09.949Z"}
{"level":"error","message":"Global Error Handler caught:","timestamp":"2026-07-17T18:39:40.808Z"}
{"level":"info","message":" Dresson Server is running on http://localhost:3000","timestamp":"2026-07-17T18:42:14.333Z"}
{"level":"info","message":" Dresson Server is running on http://localhost:3000","timestamp":"2026-07-17T18:43:40.403Z"}
{"level":"error","message":"Global Error Handler caught:","timestamp":"2026-07-17T18:43:57.756Z"}
{"level":"info","message":" Dresson Server is running on http://localhost:3000","timestamp":"2026-07-17T18:47:35.357Z"}
{"level":"error","message":"Global Error Handler caught:","timestamp":"2026-07-17T18:48:27.912Z"}
{"level":"error","message":"Global Error Handler caught:","timestamp":"2026-07-17T18:48:34.007Z"}
{"level":"error","message":"Global Error Handler caught:","timestamp":"2026-07-17T18:49:00.111Z"}
{"level":"error","message":"Global Error Handler caught:","timestamp":"2026-07-18T01:09:17.263Z"}
{"level":"info","message":" Dresson Server is running on http://localhost:3000","timestamp":"2026-07-18T01:19:11.912Z"}
{"_message":"Category validation failed","errors":{"slug":{"kind":"required","message":"Path `slug` is required.","name":"ValidatorError","path":"slug","properties":{"message":"Path `slug` is required.","path":"slug","type":"required"}}},"level":"error","message":"Category Creation Failed: Category validation failed: slug: Path `slug` is required.","stack":"ValidationError: Category validation failed: slug: Path `slug` is required.\n    at model.validate (/Users/bster/Desktop/Dresson/node_modules/mongoose/lib/document.js:2864:36)\n    at async model.$__save (/Users/bster/Desktop/Dresson/node_modules/mongoose/lib/model.js:398:7)\n    at async maybeTracedSave (/Users/bster/Desktop/Dresson/node_modules/mongoose/lib/model.js:674:7)\n    at async postAddCategory (file:///Users/bster/Desktop/Dresson/src/controller/adminController/adminCategoryController.js:67:9)","timestamp":"2026-07-18T01:22:18.399Z"}
{"_message":"Category validation failed","errors":{"slug":{"kind":"required","message":"Path `slug` is required.","name":"ValidatorError","path":"slug","properties":{"message":"Path `slug` is required.","path":"slug","type":"required"}}},"level":"error","message":"Category Creation Failed: Category validation failed: slug: Path `slug` is required.","stack":"ValidationError: Category validation failed: slug: Path `slug` is required.\n    at model.validate (/Users/bster/Desktop/Dresson/node_modules/mongoose/lib/document.js:2864:36)\n    at async model.$__save (/Users/bster/Desktop/Dresson/node_modules/mongoose/lib/model.js:398:7)\n    at async maybeTracedSave (/Users/bster/Desktop/Dresson/node_modules/mongoose/lib/model.js:674:7)\n    at async postAddCategory (file:///Users/bster/Desktop/Dresson/src/controller/adminController/adminCategoryController.js:67:9)","timestamp":"2026-07-18T02:25:36.034Z"}
{"_message":"Category validation failed","errors":{"slug":{"kind":"required","message":"Path `slug` is required.","name":"ValidatorError","path":"slug","properties":{"message":"Path `slug` is required.","path":"slug","type":"required"}}},"level":"error","message":"Category Creation Failed: Category validation failed: slug: Path `slug` is required.","stack":"ValidationError: Category validation failed: slug: Path `slug` is required.\n    at model.validate (/Users/bster/Desktop/Dresson/node_modules/mongoose/lib/document.js:2864:36)\n    at async model.$__save (/Users/bster/Desktop/Dresson/node_modules/mongoose/lib/model.js:398:7)\n    at async maybeTracedSave (/Users/bster/Desktop/Dresson/node_modules/mongoose/lib/model.js:674:7)\n    at async postAddCategory (file:///Users/bster/Desktop/Dresson/src/controller/adminController/adminCategoryController.js:67:9)","timestamp":"2026-07-18T02:26:02.016Z"}
{"_message":"Category validation failed","errors":{"slug":{"kind":"required","message":"Path `slug` is required.","name":"ValidatorError","path":"slug","properties":{"message":"Path `slug` is required.","path":"slug","type":"required"}}},"level":"error","message":"Category Creation Failed: Category validation failed: slug: Path `slug` is required.","stack":"ValidationError: Category validation failed: slug: Path `slug` is required.\n    at model.validate (/Users/bster/Desktop/Dresson/node_modules/mongoose/lib/document.js:2864:36)\n    at async model.$__save (/Users/bster/Desktop/Dresson/node_modules/mongoose/lib/model.js:398:7)\n    at async maybeTracedSave (/Users/bster/Desktop/Dresson/node_modules/mongoose/lib/model.js:674:7)\n    at async postAddCategory (file:///Users/bster/Desktop/Dresson/src/controller/adminController/adminCategoryController.js:67:9)","timestamp":"2026-07-18T02:26:25.415Z"}
{"_message":"Category validation failed","errors":{"slug":{"kind":"required","message":"Path `slug` is required.","name":"ValidatorError","path":"slug","properties":{"message":"Path `slug` is required.","path":"slug","type":"required"}}},"level":"error","message":"Category Creation Failed: Category validation failed: slug: Path `slug` is required.","stack":"ValidationError: Category validation failed: slug: Path `slug` is required.\n    at model.validate (/Users/bster/Desktop/Dresson/node_modules/mongoose/lib/document.js:2864:36)\n    at async model.$__save (/Users/bster/Desktop/Dresson/node_modules/mongoose/lib/model.js:398:7)\n    at async maybeTracedSave (/Users/bster/Desktop/Dresson/node_modules/mongoose/lib/model.js:674:7)\n    at async postAddCategory (file:///Users/bster/Desktop/Dresson/src/controller/adminController/adminCategoryController.js:67:9)","timestamp":"2026-07-18T02:28:12.238Z"}
{"level":"info","message":" Dresson Server is running on http://localhost:3000","timestamp":"2026-07-18T02:29:53.582Z"}
{"_message":"Category validation failed","errors":{"slug":{"kind":"required","message":"Path `slug` is required.","name":"ValidatorError","path":"slug","properties":{"message":"Path `slug` is required.","path":"slug","type":"required"}}},"level":"error","message":"Category Creation Failed: Category validation failed: slug: Path `slug` is required.","stack":"ValidationError: Category validation failed: slug: Path `slug` is required.\n    at model.validate (/Users/bster/Desktop/Dresson/node_modules/mongoose/lib/document.js:2864:36)\n    at async model.$__save (/Users/bster/Desktop/Dresson/node_modules/mongoose/lib/model.js:398:7)\n    at async maybeTracedSave (/Users/bster/Desktop/Dresson/node_modules/mongoose/lib/model.js:674:7)\n    at async postAddCategory (file:///Users/bster/Desktop/Dresson/src/controller/adminController/adminCategoryController.js:67:9)","timestamp":"2026-07-18T02:35:41.301Z"}
{"level":"info","message":" Dresson Server is running on http://localhost:3000","timestamp":"2026-07-18T02:43:26.156Z"}
{"code":11000,"errorLabelSet":{},"errorResponse":{"code":11000,"errmsg":"E11000 duplicate key error collection: dresson.categories index: categoryName_1 dup key: { categoryName: \"T-Shirts, Casual Shirts, Polos, Hoodies\" }","index":0,"keyPattern":{"categoryName":1},"keyValue":{"categoryName":"T-Shirts, Casual Shirts, Polos, Hoodies"}},"index":0,"keyPattern":{"categoryName":1},"keyValue":{"categoryName":"T-Shirts, Casual Shirts, Polos, Hoodies"},"level":"error","message":"Category Creation Failed: E11000 duplicate key error collection: dresson.categories index: categoryName_1 dup key: { categoryName: \"T-Shirts, Casual Shirts, Polos, Hoodies\" }","stack":"MongoServerError: E11000 duplicate key error collection: dresson.categories index: categoryName_1 dup key: { categoryName: \"T-Shirts, Casual Shirts, Polos, Hoodies\" }\n    at InsertOneOperation.handleOk (/Users/bster/Desktop/Dresson/node_modules/mongodb/lib/operations/insert.js:51:19)\n    at executeOperationWithRetries (/Users/bster/Desktop/Dresson/node_modules/mongodb/lib/operations/execute_operation.js:194:34)\n    at process.processTicksAndRejections (node:internal/process/task_queues:105:5)\n    at async executeOperation (/Users/bster/Desktop/Dresson/node_modules/mongodb/lib/operations/execute_operation.js:83:16)\n    at async Collection.insertOne (/Users/bster/Desktop/Dresson/node_modules/mongodb/lib/collection.js:154:16)\n    at async model.$__save (/Users/bster/Desktop/Dresson/node_modules/mongoose/lib/model.js:433:16)\n    at async maybeTracedSave (/Users/bster/Desktop/Dresson/node_modules/mongoose/lib/model.js:674:7)\n    at async postAddCategory (file:///Users/bster/Desktop/Dresson/src/controller/adminController/adminCategoryController.js:78:9)","timestamp":"2026-07-18T02:45:09.503Z"}
{"level":"info","message":" Dresson Server is running on http://localhost:3000","timestamp":"2026-07-18T02:49:52.076Z"}
{"level":"info","message":" Dresson Server is running on http://localhost:3000","timestamp":"2026-07-18T02:55:11.716Z"}
{"level":"info","message":" Dresson Server is running on http://localhost:3000","timestamp":"2026-07-18T02:55:20.310Z"}
{"level":"info","message":" Dresson Server is running on http://localhost:3000","timestamp":"2026-07-18T03:22:34.907Z"}
{"level":"info","message":" Dresson Server is running on http://localhost:3000","timestamp":"2026-07-18T03:22:41.488Z"}
{"level":"warn","message":"[DELETE WORKFLOW] Blocked: \"Bottom wear\" contains 1 children.","timestamp":"2026-07-18T03:22:55.801Z"}
{"level":"info","message":" Dresson Server is running on http://localhost:3000","timestamp":"2026-07-18T03:29:09.759Z"}
{"level":"info","message":" Dresson Server is running on http://localhost:3000","timestamp":"2026-07-18T03:29:22.962Z"}
{"level":"info","message":" Dresson Server is running on http://localhost:3000","timestamp":"2026-07-18T03:29:23.772Z"}
{"level":"info","message":" Dresson Server is running on http://localhost:3000","timestamp":"2026-07-18T04:55:23.177Z"}
{"level":"info","message":"[DELETE WORKFLOW] Attempting to delete category ID: 6a5b07c8e7be0d9d63dc5b2f","timestamp":"2026-07-18T04:58:02.693Z"}
{"level":"info","message":"[DELETE WORKFLOW] Successfully deleted category \"Bottom Wears\".","timestamp":"2026-07-18T04:58:02.851Z"}
{"level":"info","message":"[DELETE WORKFLOW] Attempting to delete category ID: 6a5b0776e7be0d9d63dc5b2c","timestamp":"2026-07-18T04:58:06.320Z"}
{"level":"warn","message":"[DELETE WORKFLOW] Blocked: \"Topwear\" contains 1 child categories.","timestamp":"2026-07-18T04:58:06.325Z"}
{"level":"info","message":" Dresson Server is running on http://localhost:3000","timestamp":"2026-07-18T05:25:45.993Z"}
{"level":"info","message":"[DELETE WORKFLOW] Attempting to delete category ID: 6a5b07abe7be0d9d63dc5b2e","timestamp":"2026-07-18T09:18:34.547Z"}
{"level":"info","message":"[DELETE WORKFLOW] Successfully deleted category \"Top wear\".","timestamp":"2026-07-18T09:18:34.630Z"}
{"level":"info","message":"[DELETE WORKFLOW] Attempting to delete category ID: 6a5b0776e7be0d9d63dc5b2c","timestamp":"2026-07-18T09:18:37.357Z"}
{"level":"warn","message":"[DELETE WORKFLOW] Blocked: \"Topwear\" contains 1 child categories.","timestamp":"2026-07-18T09:18:37.362Z"}
{"level":"info","message":"[DELETE WORKFLOW] Attempting to delete category ID: 6a5b078be7be0d9d63dc5b2d","timestamp":"2026-07-18T09:18:45.776Z"}
{"level":"info","message":"[DELETE WORKFLOW] Successfully deleted category \"T-Shirts, Casual Shirts, Polos, Hoodies\".","timestamp":"2026-07-18T09:18:45.785Z"}
{"level":"info","message":"[DELETE WORKFLOW] Attempting to delete category ID: 6a5b0776e7be0d9d63dc5b2c","timestamp":"2026-07-18T09:18:48.890Z"}
{"level":"info","message":"[DELETE WORKFLOW] Successfully deleted category \"Topwear\".","timestamp":"2026-07-18T09:18:48.898Z"}
{"level":"info","message":"[DELETE WORKFLOW] Attempting to delete category ID: 6a5b458b5380e6930171490d","timestamp":"2026-07-18T09:21:39.059Z"}
{"level":"info","message":"[DELETE WORKFLOW] Successfully deleted category \"Western Wear\".","timestamp":"2026-07-18T09:21:39.174Z"}
{"level":"info","message":" Dresson Server is running on http://localhost:3000","timestamp":"2026-07-18T09:56:08.790Z"}
{"level":"info","message":" Dresson Server is running on http://localhost:3000","timestamp":"2026-07-18T09:56:44.423Z"}
{"code":11000,"errorLabelSet":{},"errorResponse":{"code":11000,"errmsg":"E11000 duplicate key error collection: dresson.categories index: categoryName_1 dup key: { categoryName: \"Topwear\" }","index":0,"keyPattern":{"categoryName":1},"keyValue":{"categoryName":"Topwear"}},"index":0,"keyPattern":{"categoryName":1},"keyValue":{"categoryName":"Topwear"},"level":"error","message":"Category Creation Failed: E11000 duplicate key error collection: dresson.categories index: categoryName_1 dup key: { categoryName: \"Topwear\" }","stack":"MongoServerError: E11000 duplicate key error collection: dresson.categories index: categoryName_1 dup key: { categoryName: \"Topwear\" }\n    at InsertOneOperation.handleOk (/Users/bster/Desktop/Dresson/node_modules/mongodb/lib/operations/insert.js:51:19)\n    at executeOperationWithRetries (/Users/bster/Desktop/Dresson/node_modules/mongodb/lib/operations/execute_operation.js:194:34)\n    at process.processTicksAndRejections (node:internal/process/task_queues:105:5)\n    at async executeOperation (/Users/bster/Desktop/Dresson/node_modules/mongodb/lib/operations/execute_operation.js:83:16)\n    at async Collection.insertOne (/Users/bster/Desktop/Dresson/node_modules/mongodb/lib/collection.js:154:16)\n    at async model.$__save (/Users/bster/Desktop/Dresson/node_modules/mongoose/lib/model.js:433:16)\n    at async maybeTracedSave (/Users/bster/Desktop/Dresson/node_modules/mongoose/lib/model.js:674:7)\n    at async postAddCategory (file:///Users/bster/Desktop/Dresson/src/controller/adminController/adminCategoryController.js:112:9)","timestamp":"2026-07-18T09:58:15.006Z"}
{"level":"info","message":"[DELETE WORKFLOW] Attempting to delete category ID: 6a5b4e5d875afc95fd349364","timestamp":"2026-07-18T09:59:14.621Z"}
{"level":"info","message":"[DELETE WORKFLOW] Successfully deleted category \"nmnmnn\".","timestamp":"2026-07-18T09:59:14.654Z"}
{"level":"info","message":"[DELETE WORKFLOW] Attempting to delete category ID: 6a5b45395380e6930171490b","timestamp":"2026-07-18T09:59:17.423Z"}
{"level":"warn","message":"[DELETE WORKFLOW] Blocked: \"Topwear\" contains 1 child categories.","timestamp":"2026-07-18T09:59:17.427Z"}
{"level":"info","message":"[DELETE WORKFLOW] Attempting to delete category ID: 6a5b45395380e6930171490b","timestamp":"2026-07-18T09:59:26.723Z"}
{"level":"warn","message":"[DELETE WORKFLOW] Blocked: \"Topwear\" contains 1 child categories.","timestamp":"2026-07-18T09:59:26.730Z"}
{"level":"info","message":"[DELETE WORKFLOW] Attempting to delete category ID: 6a5b45395380e6930171490b","timestamp":"2026-07-18T09:59:31.322Z"}
{"level":"warn","message":"[DELETE WORKFLOW] Blocked: \"Topwear\" contains 1 child categories.","timestamp":"2026-07-18T09:59:31.327Z"}
{"level":"info","message":"[DELETE WORKFLOW] Attempting to delete category ID: 6a5b45515380e6930171490c","timestamp":"2026-07-18T09:59:42.525Z"}
{"level":"warn","message":"[DELETE WORKFLOW] Blocked: \"T-Shirts, Casual Shirts, Polos, Hoodies\" contains 1 child categories.","timestamp":"2026-07-18T09:59:42.529Z"}
{"level":"info","message":"[DELETE WORKFLOW] Attempting to delete category ID: 6a5b4e1c875afc95fd349362","timestamp":"2026-07-18T09:59:47.835Z"}
{"level":"info","message":"[DELETE WORKFLOW] Successfully deleted category \"gents\".","timestamp":"2026-07-18T09:59:47.841Z"}
{"code":11000,"errorLabelSet":{},"errorResponse":{"code":11000,"errmsg":"E11000 duplicate key error collection: dresson.categories index: categoryName_1 dup key: { categoryName: \"Inner wear\" }","index":0,"keyPattern":{"categoryName":1},"keyValue":{"categoryName":"Inner wear"}},"index":0,"keyPattern":{"categoryName":1},"keyValue":{"categoryName":"Inner wear"},"level":"error","message":"Category Creation Failed: E11000 duplicate key error collection: dresson.categories index: categoryName_1 dup key: { categoryName: \"Inner wear\" }","stack":"MongoServerError: E11000 duplicate key error collection: dresson.categories index: categoryName_1 dup key: { categoryName: \"Inner wear\" }\n    at InsertOneOperation.handleOk (/Users/bster/Desktop/Dresson/node_modules/mongodb/lib/operations/insert.js:51:19)\n    at executeOperationWithRetries (/Users/bster/Desktop/Dresson/node_modules/mongodb/lib/operations/execute_operation.js:194:34)\n    at process.processTicksAndRejections (node:internal/process/task_queues:105:5)\n    at async executeOperation (/Users/bster/Desktop/Dresson/node_modules/mongodb/lib/operations/execute_operation.js:83:16)\n    at async Collection.insertOne (/Users/bster/Desktop/Dresson/node_modules/mongodb/lib/collection.js:154:16)\n    at async model.$__save (/Users/bster/Desktop/Dresson/node_modules/mongoose/lib/model.js:433:16)\n    at async maybeTracedSave (/Users/bster/Desktop/Dresson/node_modules/mongoose/lib/model.js:674:7)\n    at async postAddCategory (file:///Users/bster/Desktop/Dresson/src/controller/adminController/adminCategoryController.js:112:9)","timestamp":"2026-07-18T10:06:41.403Z"}
{"code":11000,"errorLabelSet":{},"errorResponse":{"code":11000,"errmsg":"E11000 duplicate key error collection: dresson.categories index: categoryName_1 dup key: { categoryName: \"Inner wear\" }","index":0,"keyPattern":{"categoryName":1},"keyValue":{"categoryName":"Inner wear"}},"index":0,"keyPattern":{"categoryName":1},"keyValue":{"categoryName":"Inner wear"},"level":"error","message":"Category Creation Failed: E11000 duplicate key error collection: dresson.categories index: categoryName_1 dup key: { categoryName: \"Inner wear\" }","stack":"MongoServerError: E11000 duplicate key error collection: dresson.categories index: categoryName_1 dup key: { categoryName: \"Inner wear\" }\n    at InsertOneOperation.handleOk (/Users/bster/Desktop/Dresson/node_modules/mongodb/lib/operations/insert.js:51:19)\n    at executeOperationWithRetries (/Users/bster/Desktop/Dresson/node_modules/mongodb/lib/operations/execute_operation.js:194:34)\n    at process.processTicksAndRejections (node:internal/process/task_queues:105:5)\n    at async executeOperation (/Users/bster/Desktop/Dresson/node_modules/mongodb/lib/operations/execute_operation.js:83:16)\n    at async Collection.insertOne (/Users/bster/Desktop/Dresson/node_modules/mongodb/lib/collection.js:154:16)\n    at async model.$__save (/Users/bster/Desktop/Dresson/node_modules/mongoose/lib/model.js:433:16)\n    at async maybeTracedSave (/Users/bster/Desktop/Dresson/node_modules/mongoose/lib/model.js:674:7)\n    at async postAddCategory (file:///Users/bster/Desktop/Dresson/src/controller/adminController/adminCategoryController.js:112:9)","timestamp":"2026-07-18T10:07:23.597Z"}
{"level":"info","message":" Dresson Server is running on http://localhost:3000","timestamp":"2026-07-18T10:19:02.371Z"}
{"level":"info","message":" Dresson Server is running on http://localhost:3000","timestamp":"2026-07-18T10:31:20.309Z"}
{"level":"info","message":" Dresson Server is running on http://localhost:3000","timestamp":"2026-07-18T11:33:53.912Z"}
{"level":"info","message":" Dresson Server is running on http://localhost:3000","timestamp":"2026-07-18T11:33:56.487Z"}
{"level":"info","message":" Dresson Server is running on http://localhost:3000","timestamp":"2026-07-18T11:34:06.888Z"}
{"level":"info","message":" Dresson Server is running on http://localhost:3000","timestamp":"2026-07-18T11:34:13.653Z"}
{"level":"info","message":" Dresson Server is running on http://localhost:3000","timestamp":"2026-07-18T11:34:15.871Z"}
{"level":"error","message":"Error loading Add Product workspace: Category is not defined","stack":"ReferenceError: Category is not defined\n    at getAddProduct (file:///Users/bster/Desktop/Dresson/src/controller/adminController/adminProductController.js:23:31)\n    at Layer.handleRequest (/Users/bster/Desktop/Dresson/node_modules/router/lib/layer.js:152:17)\n    at next (/Users/bster/Desktop/Dresson/node_modules/router/lib/route.js:157:13)\n    at isAdmin (file:///Users/bster/Desktop/Dresson/src/middleware/adminAuth.js:3:9)\n    at Layer.handleRequest (/Users/bster/Desktop/Dresson/node_modules/router/lib/layer.js:152:17)\n    at next (/Users/bster/Desktop/Dresson/node_modules/router/lib/route.js:157:13)\n    at Route.dispatch (/Users/bster/Desktop/Dresson/node_modules/router/lib/route.js:117:3)\n    at handle (/Users/bster/Desktop/Dresson/node_modules/router/index.js:435:11)\n    at Layer.handleRequest (/Users/bster/Desktop/Dresson/node_modules/router/lib/layer.js:152:17)\n    at /Users/bster/Desktop/Dresson/node_modules/router/index.js:295:15","timestamp":"2026-07-18T11:37:26.753Z"}
{"level":"info","message":" Dresson Server is running on http://localhost:3000","timestamp":"2026-07-18T11:57:15.197Z"}
{"level":"error","message":"Error loading Add Product workspace: buildInfiniteCategoryTree is not defined","stack":"ReferenceError: buildInfiniteCategoryTree is not defined\n    at getAddProduct (file:///Users/bster/Desktop/Dresson/src/controller/adminController/adminProductController.js:25:32)\n    at process.processTicksAndRejections (node:internal/process/task_queues:105:5)","timestamp":"2026-07-18T11:57:25.165Z"}
{"level":"info","message":" Dresson Server is running on http://localhost:3000","timestamp":"2026-07-18T11:58:24.598Z"}
{"level":"info","message":" Dresson Server is running on http://localhost:3000","timestamp":"2026-07-18T11:58:34.225Z"}
{"level":"error","message":"Error loading Add Product workspace: adminCategoryService.buildInfiniteCategoryTree is not a function","stack":"TypeError: adminCategoryService.buildInfiniteCategoryTree is not a function\n    at getAddProduct (file:///Users/bster/Desktop/Dresson/src/controller/adminController/adminProductController.js:26:53)\n    at process.processTicksAndRejections (node:internal/process/task_queues:105:5)","timestamp":"2026-07-18T11:58:55.117Z"}
{"level":"info","message":" Dresson Server is running on http://localhost:3000","timestamp":"2026-07-18T12:00:43.897Z"}
{"level":"info","message":" Dresson Server is running on http://localhost:3000","timestamp":"2026-07-18T12:00:44.822Z"}
{"level":"info","message":"[DELETE WORKFLOW] Attempting to delete category ID: 6a5b53c2911d4d538cd238b9","timestamp":"2026-07-18T16:22:57.893Z"}
{"level":"info","message":"[DELETE WORKFLOW] Successfully deleted category \"Blue Jeans\".","timestamp":"2026-07-18T16:22:58.016Z"}
{"code":11000,"errorLabelSet":{},"errorResponse":{"code":11000,"errmsg":"E11000 duplicate key error collection: dresson.categories index: categoryName_1 dup key: { categoryName: \"Inner wear\" }","index":0,"keyPattern":{"categoryName":1},"keyValue":{"categoryName":"Inner wear"}},"index":0,"keyPattern":{"categoryName":1},"keyValue":{"categoryName":"Inner wear"},"level":"error","message":"Category Creation Failed: E11000 duplicate key error collection: dresson.categories index: categoryName_1 dup key: { categoryName: \"Inner wear\" }","stack":"MongoServerError: E11000 duplicate key error collection: dresson.categories index: categoryName_1 dup key: { categoryName: \"Inner wear\" }\n    at InsertOneOperation.handleOk (/Users/bster/Desktop/Dresson/node_modules/mongodb/lib/operations/insert.js:51:19)\n    at executeOperationWithRetries (/Users/bster/Desktop/Dresson/node_modules/mongodb/lib/operations/execute_operation.js:194:34)\n    at process.processTicksAndRejections (node:internal/process/task_queues:105:5)\n    at async executeOperation (/Users/bster/Desktop/Dresson/node_modules/mongodb/lib/operations/execute_operation.js:83:16)\n    at async Collection.insertOne (/Users/bster/Desktop/Dresson/node_modules/mongodb/lib/collection.js:154:16)\n    at async model.$__save (/Users/bster/Desktop/Dresson/node_modules/mongoose/lib/model.js:433:16)\n    at async maybeTracedSave (/Users/bster/Desktop/Dresson/node_modules/mongoose/lib/model.js:674:7)\n    at async postAddCategory (file:///Users/bster/Desktop/Dresson/src/controller/adminController/adminCategoryController.js:112:9)","timestamp":"2026-07-18T17:01:56.834Z"}
{"code":11000,"errorLabelSet":{},"errorResponse":{"code":11000,"errmsg":"E11000 duplicate key error collection: dresson.categories index: categoryName_1 dup key: { categoryName: \"Inner wear\" }","index":0,"keyPattern":{"categoryName":1},"keyValue":{"categoryName":"Inner wear"}},"index":0,"keyPattern":{"categoryName":1},"keyValue":{"categoryName":"Inner wear"},"level":"error","message":"Category Creation Failed: E11000 duplicate key error collection: dresson.categories index: categoryName_1 dup key: { categoryName: \"Inner wear\" }","stack":"MongoServerError: E11000 duplicate key error collection: dresson.categories index: categoryName_1 dup key: { categoryName: \"Inner wear\" }\n    at InsertOneOperation.handleOk (/Users/bster/Desktop/Dresson/node_modules/mongodb/lib/operations/insert.js:51:19)\n    at executeOperationWithRetries (/Users/bster/Desktop/Dresson/node_modules/mongodb/lib/operations/execute_operation.js:194:34)\n    at process.processTicksAndRejections (node:internal/process/task_queues:105:5)\n    at async executeOperation (/Users/bster/Desktop/Dresson/node_modules/mongodb/lib/operations/execute_operation.js:83:16)\n    at async Collection.insertOne (/Users/bster/Desktop/Dresson/node_modules/mongodb/lib/collection.js:154:16)\n    at async model.$__save (/Users/bster/Desktop/Dresson/node_modules/mongoose/lib/model.js:433:16)\n    at async maybeTracedSave (/Users/bster/Desktop/Dresson/node_modules/mongoose/lib/model.js:674:7)\n    at async postAddCategory (file:///Users/bster/Desktop/Dresson/src/controller/adminController/adminCategoryController.js:112:9)","timestamp":"2026-07-18T17:04:02.832Z"}
{"level":"info","message":" Dresson Server is running on http://localhost:3000","timestamp":"2026-07-18T17:04:36.444Z"}
{"code":11000,"codeName":"DuplicateKey","errorLabelSet":{},"errorResponse":{"code":11000,"codeName":"DuplicateKey","errmsg":"Plan executor error during findAndModify :: caused by :: E11000 duplicate key error collection: dresson.categories index: categoryName_1 dup key: { categoryName: \"Inner wear\" }","keyPattern":{"categoryName":1},"keyValue":{"categoryName":"Inner wear"},"ok":0},"keyPattern":{"categoryName":1},"keyValue":{"categoryName":"Inner wear"},"level":"error","message":"Critical failure executing category compilation edits sequence operations: Plan executor error during findAndModify :: caused by :: E11000 duplicate key error collection: dresson.categories index: categoryName_1 dup key: { categoryName: \"Inner wear\" }","ok":0,"stack":"MongoServerError: Plan executor error during findAndModify :: caused by :: E11000 duplicate key error collection: dresson.categories index: categoryName_1 dup key: { categoryName: \"Inner wear\" }\n    at Connection.sendCommand (/Users/bster/Desktop/Dresson/node_modules/mongodb/lib/cmap/connection.js:320:27)\n    at process.processTicksAndRejections (node:internal/process/task_queues:105:5)\n    at async Connection.command (/Users/bster/Desktop/Dresson/node_modules/mongodb/lib/cmap/connection.js:347:26)\n    at async Server.command (/Users/bster/Desktop/Dresson/node_modules/mongodb/lib/sdam/server.js:208:29)\n    at async executeOperationWithRetries (/Users/bster/Desktop/Dresson/node_modules/mongodb/lib/operations/execute_operation.js:193:32)\n    at async executeOperation (/Users/bster/Desktop/Dresson/node_modules/mongodb/lib/operations/execute_operation.js:83:16)\n    at async Collection.findOneAndUpdate (/Users/bster/Desktop/Dresson/node_modules/mongodb/lib/collection.js:544:16)\n    at async model.Query._findOneAndUpdate (/Users/bster/Desktop/Dresson/node_modules/mongoose/lib/query.js:3623:13)\n    at async maybeTracedQueryExec (/Users/bster/Desktop/Dresson/node_modules/mongoose/lib/query.js:4801:65)\n    at async Module.updateCategoryById (file:///Users/bster/Desktop/Dresson/src/repository/admin/adminCategoryRepository.js:54:12)","timestamp":"2026-07-18T17:05:35.688Z"}
{"level":"info","message":" Dresson Server is running on http://localhost:3000","timestamp":"2026-07-18T17:48:17.388Z"}
{"level":"info","message":" Dresson Server is running on http://localhost:3000","timestamp":"2026-07-18T17:49:43.774Z"}
{"level":"info","message":" Dresson Server is running on http://localhost:3000","timestamp":"2026-07-18T17:50:08.172Z"}
{"level":"info","message":" Dresson Server is running on http://localhost:3000","timestamp":"2026-07-18T17:50:08.666Z"}
{"level":"info","message":" Dresson Server is running on http://localhost:3000","timestamp":"2026-07-18T17:50:18.250Z"}
{"level":"info","message":" Dresson Server is running on http://localhost:3000","timestamp":"2026-07-18T17:50:19.899Z"}
{"level":"info","message":" Dresson Server is running on http://localhost:3000","timestamp":"2026-07-18T17:50:24.407Z"}
{"level":"info","message":" Dresson Server is running on http://localhost:3000","timestamp":"2026-07-18T17:50:40.790Z"}
{"level":"info","message":" Dresson Server is running on http://localhost:3000","timestamp":"2026-07-18T17:52:48.376Z"}
{"level":"info","message":"[DELETE WORKFLOW] Attempting to delete category ID: 6a5bb2469a5a30271af388fe","timestamp":"2026-07-18T17:54:18.724Z"}
{"level":"info","message":"[DELETE WORKFLOW] Successfully deleted category \"Churithar\".","timestamp":"2026-07-18T17:54:18.755Z"}
{"level":"info","message":"[DELETE WORKFLOW] Attempting to delete category ID: 6a5b45515380e6930171490c","timestamp":"2026-07-18T17:54:51.238Z"}
{"level":"warn","message":"[DELETE WORKFLOW] Blocked: \"T-Shirts, Casual Shirts, Polos, Hoodies\" is currently assigned to 2 active products.","timestamp":"2026-07-18T17:54:51.243Z"}
{"code":11000,"errorLabelSet":{},"errorResponse":{"code":11000,"errmsg":"E11000 duplicate key error collection: dresson.categories index: categoryName_1 dup key: { categoryName: \"Inner wear\" }","index":0,"keyPattern":{"categoryName":1},"keyValue":{"categoryName":"Inner wear"}},"index":0,"keyPattern":{"categoryName":1},"keyValue":{"categoryName":"Inner wear"},"level":"error","message":"Category Creation Failed: E11000 duplicate key error collection: dresson.categories index: categoryName_1 dup key: { categoryName: \"Inner wear\" }","stack":"MongoServerError: E11000 duplicate key error collection: dresson.categories index: categoryName_1 dup key: { categoryName: \"Inner wear\" }\n    at InsertOneOperation.handleOk (/Users/bster/Desktop/Dresson/node_modules/mongodb/lib/operations/insert.js:51:19)\n    at executeOperationWithRetries (/Users/bster/Desktop/Dresson/node_modules/mongodb/lib/operations/execute_operation.js:194:34)\n    at process.processTicksAndRejections (node:internal/process/task_queues:105:5)\n    at async executeOperation (/Users/bster/Desktop/Dresson/node_modules/mongodb/lib/operations/execute_operation.js:83:16)\n    at async Collection.insertOne (/Users/bster/Desktop/Dresson/node_modules/mongodb/lib/collection.js:154:16)\n    at async model.$__save (/Users/bster/Desktop/Dresson/node_modules/mongoose/lib/model.js:433:16)\n    at async maybeTracedSave (/Users/bster/Desktop/Dresson/node_modules/mongoose/lib/model.js:674:7)\n    at async postAddCategory (file:///Users/bster/Desktop/Dresson/src/controller/adminController/adminCategoryController.js:112:9)","timestamp":"2026-07-18T17:56:07.529Z"}
{"level":"info","message":" Dresson Server is running on http://localhost:3000","timestamp":"2026-07-18T17:59:56.097Z"}
{"code":11000,"errorLabelSet":{},"errorResponse":{"code":11000,"errmsg":"E11000 duplicate key error collection: dresson.categories index: categoryName_1 dup key: { categoryName: \"Inner wear\" }","index":0,"keyPattern":{"categoryName":1},"keyValue":{"categoryName":"Inner wear"}},"index":0,"keyPattern":{"categoryName":1},"keyValue":{"categoryName":"Inner wear"},"level":"error","message":"Category Creation Failed: E11000 duplicate key error collection: dresson.categories index: categoryName_1 dup key: { categoryName: \"Inner wear\" }","stack":"MongoServerError: E11000 duplicate key error collection: dresson.categories index: categoryName_1 dup key: { categoryName: \"Inner wear\" }\n    at InsertOneOperation.handleOk (/Users/bster/Desktop/Dresson/node_modules/mongodb/lib/operations/insert.js:51:19)\n    at executeOperationWithRetries (/Users/bster/Desktop/Dresson/node_modules/mongodb/lib/operations/execute_operation.js:194:34)\n    at process.processTicksAndRejections (node:internal/process/task_queues:105:5)\n    at async executeOperation (/Users/bster/Desktop/Dresson/node_modules/mongodb/lib/operations/execute_operation.js:83:16)\n    at async Collection.insertOne (/Users/bster/Desktop/Dresson/node_modules/mongodb/lib/collection.js:154:16)\n    at async model.$__save (/Users/bster/Desktop/Dresson/node_modules/mongoose/lib/model.js:433:16)\n    at async maybeTracedSave (/Users/bster/Desktop/Dresson/node_modules/mongoose/lib/model.js:674:7)\n    at async postAddCategory (file:///Users/bster/Desktop/Dresson/src/controller/adminController/adminCategoryController.js:112:9)","timestamp":"2026-07-18T18:01:09.994Z"}
{"level":"info","message":" Dresson Server is running on http://localhost:3000","timestamp":"2026-07-18T18:11:57.662Z"}
{"level":"info","message":" Dresson Server is running on http://localhost:3000","timestamp":"2026-07-18T18:20:18.811Z"}
{"code":11000,"errorLabelSet":{},"errorResponse":{"code":11000,"errmsg":"E11000 duplicate key error collection: dresson.categories index: categoryName_1 dup key: { categoryName: \"Inner wear\" }","index":0,"keyPattern":{"categoryName":1},"keyValue":{"categoryName":"Inner wear"}},"index":0,"keyPattern":{"categoryName":1},"keyValue":{"categoryName":"Inner wear"},"level":"error","message":"Category Creation Failed: E11000 duplicate key error collection: dresson.categories index: categoryName_1 dup key: { categoryName: \"Inner wear\" }","stack":"MongoServerError: E11000 duplicate key error collection: dresson.categories index: categoryName_1 dup key: { categoryName: \"Inner wear\" }\n    at InsertOneOperation.handleOk (/Users/bster/Desktop/Dresson/node_modules/mongodb/lib/operations/insert.js:51:19)\n    at executeOperationWithRetries (/Users/bster/Desktop/Dresson/node_modules/mongodb/lib/operations/execute_operation.js:194:34)\n    at process.processTicksAndRejections (node:internal/process/task_queues:105:5)\n    at async executeOperation (/Users/bster/Desktop/Dresson/node_modules/mongodb/lib/operations/execute_operation.js:83:16)\n    at async Collection.insertOne (/Users/bster/Desktop/Dresson/node_modules/mongodb/lib/collection.js:154:16)\n    at async model.$__save (/Users/bster/Desktop/Dresson/node_modules/mongoose/lib/model.js:433:16)\n    at async maybeTracedSave (/Users/bster/Desktop/Dresson/node_modules/mongoose/lib/model.js:674:7)\n    at async postAddCategory (file:///Users/bster/Desktop/Dresson/src/controller/adminController/adminCategoryController.js:112:9)","timestamp":"2026-07-18T18:28:01.975Z"}
{"code":11000,"codeName":"DuplicateKey","errorLabelSet":{},"errorResponse":{"code":11000,"codeName":"DuplicateKey","errmsg":"Plan executor error during findAndModify :: caused by :: E11000 duplicate key error collection: dresson.categories index: categoryName_1 dup key: { categoryName: \"Inner wear\" }","keyPattern":{"categoryName":1},"keyValue":{"categoryName":"Inner wear"},"ok":0},"keyPattern":{"categoryName":1},"keyValue":{"categoryName":"Inner wear"},"level":"error","message":"Critical failure executing category compilation edits sequence operations: Plan executor error during findAndModify :: caused by :: E11000 duplicate key error collection: dresson.categories index: categoryName_1 dup key: { categoryName: \"Inner wear\" }","ok":0,"stack":"MongoServerError: Plan executor error during findAndModify :: caused by :: E11000 duplicate key error collection: dresson.categories index: categoryName_1 dup key: { categoryName: \"Inner wear\" }\n    at Connection.sendCommand (/Users/bster/Desktop/Dresson/node_modules/mongodb/lib/cmap/connection.js:320:27)\n    at process.processTicksAndRejections (node:internal/process/task_queues:105:5)\n    at async Connection.command (/Users/bster/Desktop/Dresson/node_modules/mongodb/lib/cmap/connection.js:347:26)\n    at async Server.command (/Users/bster/Desktop/Dresson/node_modules/mongodb/lib/sdam/server.js:208:29)\n    at async executeOperationWithRetries (/Users/bster/Desktop/Dresson/node_modules/mongodb/lib/operations/execute_operation.js:193:32)\n    at async executeOperation (/Users/bster/Desktop/Dresson/node_modules/mongodb/lib/operations/execute_operation.js:83:16)\n    at async Collection.findOneAndUpdate (/Users/bster/Desktop/Dresson/node_modules/mongodb/lib/collection.js:544:16)\n    at async model.Query._findOneAndUpdate (/Users/bster/Desktop/Dresson/node_modules/mongoose/lib/query.js:3623:13)\n    at async maybeTracedQueryExec (/Users/bster/Desktop/Dresson/node_modules/mongoose/lib/query.js:4801:65)\n    at async Module.updateCategoryById (file:///Users/bster/Desktop/Dresson/src/repository/admin/adminCategoryRepository.js:54:12)","timestamp":"2026-07-18T18:29:19.664Z"}
{"level":"info","message":" Dresson Server is running on http://localhost:3000","timestamp":"2026-07-18T18:30:21.821Z"}
{"code":11000,"errorLabelSet":{},"errorResponse":{"code":11000,"errmsg":"E11000 duplicate key error collection: dresson.categories index: categoryName_1 dup key: { categoryName: \"Inner wear\" }","index":0,"keyPattern":{"categoryName":1},"keyValue":{"categoryName":"Inner wear"}},"index":0,"keyPattern":{"categoryName":1},"keyValue":{"categoryName":"Inner wear"},"level":"error","message":"Category Creation Failed: E11000 duplicate key error collection: dresson.categories index: categoryName_1 dup key: { categoryName: \"Inner wear\" }","stack":"MongoServerError: E11000 duplicate key error collection: dresson.categories index: categoryName_1 dup key: { categoryName: \"Inner wear\" }\n    at InsertOneOperation.handleOk (/Users/bster/Desktop/Dresson/node_modules/mongodb/lib/operations/insert.js:51:19)\n    at executeOperationWithRetries (/Users/bster/Desktop/Dresson/node_modules/mongodb/lib/operations/execute_operation.js:194:34)\n    at process.processTicksAndRejections (node:internal/process/task_queues:105:5)\n    at async executeOperation (/Users/bster/Desktop/Dresson/node_modules/mongodb/lib/operations/execute_operation.js:83:16)\n    at async Collection.insertOne (/Users/bster/Desktop/Dresson/node_modules/mongodb/lib/collection.js:154:16)\n    at async model.$__save (/Users/bster/Desktop/Dresson/node_modules/mongoose/lib/model.js:433:16)\n    at async maybeTracedSave (/Users/bster/Desktop/Dresson/node_modules/mongoose/lib/model.js:674:7)\n    at async postAddCategory (file:///Users/bster/Desktop/Dresson/src/controller/adminController/adminCategoryController.js:112:9)","timestamp":"2026-07-18T18:30:46.163Z"}
{"level":"info","message":" Dresson Server is running on http://localhost:3000","timestamp":"2026-07-18T18:48:50.396Z"}
{"code":11000,"errorLabelSet":{},"errorResponse":{"code":11000,"errmsg":"E11000 duplicate key error collection: dresson.categories index: slug_1 dup key: { slug: \"men-inner-wear\" }","index":0,"keyPattern":{"slug":1},"keyValue":{"slug":"men-inner-wear"}},"index":0,"keyPattern":{"slug":1},"keyValue":{"slug":"men-inner-wear"},"level":"error","message":"Category Creation Failed: E11000 duplicate key error collection: dresson.categories index: slug_1 dup key: { slug: \"men-inner-wear\" }","stack":"MongoServerError: E11000 duplicate key error collection: dresson.categories index: slug_1 dup key: { slug: \"men-inner-wear\" }\n    at InsertOneOperation.handleOk (/Users/bster/Desktop/Dresson/node_modules/mongodb/lib/operations/insert.js:51:19)\n    at executeOperationWithRetries (/Users/bster/Desktop/Dresson/node_modules/mongodb/lib/operations/execute_operation.js:194:34)\n    at process.processTicksAndRejections (node:internal/process/task_queues:105:5)\n    at async executeOperation (/Users/bster/Desktop/Dresson/node_modules/mongodb/lib/operations/execute_operation.js:83:16)\n    at async Collection.insertOne (/Users/bster/Desktop/Dresson/node_modules/mongodb/lib/collection.js:154:16)\n    at async model.$__save (/Users/bster/Desktop/Dresson/node_modules/mongoose/lib/model.js:433:16)\n    at async maybeTracedSave (/Users/bster/Desktop/Dresson/node_modules/mongoose/lib/model.js:674:7)\n    at async postAddCategory (file:///Users/bster/Desktop/Dresson/src/controller/adminController/adminCategoryController.js:111:9)","timestamp":"2026-07-18T18:49:36.680Z"}
{"level":"info","message":" Dresson Server is running on http://localhost:3000","timestamp":"2026-07-18T18:51:36.214Z"}
{"level":"info","message":"[CATEGORY CREATION] Successfully created category \"Inner wear\" (Women) with slug: \"women-inner-wear\"","timestamp":"2026-07-18T18:52:07.301Z"}
{"level":"info","message":" Dresson Server is running on http://localhost:3000","timestamp":"2026-07-18T18:53:10.276Z"}
{"level":"info","message":" Dresson Server is running on http://localhost:3000","timestamp":"2026-07-18T18:53:20.729Z"}
{"level":"info","message":" Dresson Server is running on http://localhost:3000","timestamp":"2026-07-18T18:53:49.203Z"}
{"level":"info","message":" Dresson Server is running on http://localhost:3000","timestamp":"2026-07-19T01:03:33.726Z"}
{"level":"info","message":" Dresson Server is running on http://localhost:3000","timestamp":"2026-07-19T01:03:46.615Z"}
{"level":"info","message":" Dresson Server is running on http://localhost:3000","timestamp":"2026-07-19T01:03:57.329Z"}
{"level":"info","message":" Dresson Server is running on http://localhost:3000","timestamp":"2026-07-19T01:07:15.425Z"}
{"level":"info","message":"[CATEGORY CREATION] Successfully created category \"Girls\" (Kids) with slug: \"kids-girls\"","timestamp":"2026-07-19T01:13:01.741Z"}
{"level":"info","message":"[CATEGORY CREATION] Successfully created category \"Ethnic Wear\" (Kids) with slug: \"kids-ethnic-wear\"","timestamp":"2026-07-19T01:14:05.000Z"}
{"level":"info","message":" Dresson Server is running on http://localhost:3000","timestamp":"2026-07-19T01:59:59.936Z"}
{"level":"error","message":"Failure processing inventory catalog list layout: Product is not defined","stack":"ReferenceError: Product is not defined\n    at Module.buildProductsListDashboard (file:///Users/bster/Desktop/Dresson/src/services/admin/adminProductService.js:69:27)\n    at getProductsList (file:///Users/bster/Desktop/Dresson/src/controller/adminController/adminProductController.js:15:57)\n    at Layer.handleRequest (/Users/bster/Desktop/Dresson/node_modules/router/lib/layer.js:152:17)\n    at next (/Users/bster/Desktop/Dresson/node_modules/router/lib/route.js:157:13)\n    at isAdmin (file:///Users/bster/Desktop/Dresson/src/middleware/adminAuth.js:3:9)\n    at Layer.handleRequest (/Users/bster/Desktop/Dresson/node_modules/router/lib/layer.js:152:17)\n    at next (/Users/bster/Desktop/Dresson/node_modules/router/lib/route.js:157:13)\n    at Route.dispatch (/Users/bster/Desktop/Dresson/node_modules/router/lib/route.js:117:3)\n    at handle (/Users/bster/Desktop/Dresson/node_modules/router/index.js:435:11)\n    at Layer.handleRequest (/Users/bster/Desktop/Dresson/node_modules/router/lib/layer.js:152:17)","timestamp":"2026-07-19T02:01:44.075Z"}
{"level":"info","message":" Dresson Server is running on http://localhost:3000","timestamp":"2026-07-19T02:02:53.050Z"}
{"level":"error","message":"Failure processing inventory catalog list layout: Product is not defined","stack":"ReferenceError: Product is not defined\n    at Module.buildProductsListDashboard (file:///Users/bster/Desktop/Dresson/src/services/admin/adminProductService.js:69:27)\n    at getProductsList (file:///Users/bster/Desktop/Dresson/src/controller/adminController/adminProductController.js:15:57)\n    at Layer.handleRequest (/Users/bster/Desktop/Dresson/node_modules/router/lib/layer.js:152:17)\n    at next (/Users/bster/Desktop/Dresson/node_modules/router/lib/route.js:157:13)\n    at isAdmin (file:///Users/bster/Desktop/Dresson/src/middleware/adminAuth.js:3:9)\n    at Layer.handleRequest (/Users/bster/Desktop/Dresson/node_modules/router/lib/layer.js:152:17)\n    at next (/Users/bster/Desktop/Dresson/node_modules/router/lib/route.js:157:13)\n    at Route.dispatch (/Users/bster/Desktop/Dresson/node_modules/router/lib/route.js:117:3)\n    at handle (/Users/bster/Desktop/Dresson/node_modules/router/index.js:435:11)\n    at Layer.handleRequest (/Users/bster/Desktop/Dresson/node_modules/router/lib/layer.js:152:17)","timestamp":"2026-07-19T02:03:12.524Z"}
{"level":"info","message":" Dresson Server is running on http://localhost:3000","timestamp":"2026-07-19T02:04:17.659Z"}
{"level":"info","message":" Dresson Server is running on http://localhost:3000","timestamp":"2026-07-19T02:04:29.056Z"}
{"level":"info","message":" Dresson Server is running on http://localhost:3000","timestamp":"2026-07-19T02:11:39.801Z"}
{"level":"info","message":" Dresson Server is running on http://localhost:3000","timestamp":"2026-07-19T02:28:17.817Z"}
{"level":"error","message":"Error toggling product list status: Product is not defined","stack":"ReferenceError: Product is not defined\n    at toggleProductList (file:///Users/bster/Desktop/Dresson/src/controller/adminController/adminProductController.js:156:25)\n    at Layer.handleRequest (/Users/bster/Desktop/Dresson/node_modules/router/lib/layer.js:152:17)\n    at next (/Users/bster/Desktop/Dresson/node_modules/router/lib/route.js:157:13)\n    at isAdmin (file:///Users/bster/Desktop/Dresson/src/middleware/adminAuth.js:3:9)\n    at Layer.handleRequest (/Users/bster/Desktop/Dresson/node_modules/router/lib/layer.js:152:17)\n    at next (/Users/bster/Desktop/Dresson/node_modules/router/lib/route.js:157:13)\n    at Route.dispatch (/Users/bster/Desktop/Dresson/node_modules/router/lib/route.js:117:3)\n    at handle (/Users/bster/Desktop/Dresson/node_modules/router/index.js:435:11)\n    at Layer.handleRequest (/Users/bster/Desktop/Dresson/node_modules/router/lib/layer.js:152:17)\n    at /Users/bster/Desktop/Dresson/node_modules/router/index.js:295:15","timestamp":"2026-07-19T02:34:23.756Z"}
{"level":"error","message":"Error toggling product list status: Product is not defined","stack":"ReferenceError: Product is not defined\n    at toggleProductList (file:///Users/bster/Desktop/Dresson/src/controller/adminController/adminProductController.js:156:25)\n    at Layer.handleRequest (/Users/bster/Desktop/Dresson/node_modules/router/lib/layer.js:152:17)\n    at next (/Users/bster/Desktop/Dresson/node_modules/router/lib/route.js:157:13)\n    at isAdmin (file:///Users/bster/Desktop/Dresson/src/middleware/adminAuth.js:3:9)\n    at Layer.handleRequest (/Users/bster/Desktop/Dresson/node_modules/router/lib/layer.js:152:17)\n    at next (/Users/bster/Desktop/Dresson/node_modules/router/lib/route.js:157:13)\n    at Route.dispatch (/Users/bster/Desktop/Dresson/node_modules/router/lib/route.js:117:3)\n    at handle (/Users/bster/Desktop/Dresson/node_modules/router/index.js:435:11)\n    at Layer.handleRequest (/Users/bster/Desktop/Dresson/node_modules/router/lib/layer.js:152:17)\n    at /Users/bster/Desktop/Dresson/node_modules/router/index.js:295:15","timestamp":"2026-07-19T02:34:25.389Z"}
{"level":"error","message":"Error toggling product list status: Product is not defined","stack":"ReferenceError: Product is not defined\n    at toggleProductList (file:///Users/bster/Desktop/Dresson/src/controller/adminController/adminProductController.js:156:25)\n    at Layer.handleRequest (/Users/bster/Desktop/Dresson/node_modules/router/lib/layer.js:152:17)\n    at next (/Users/bster/Desktop/Dresson/node_modules/router/lib/route.js:157:13)\n    at isAdmin (file:///Users/bster/Desktop/Dresson/src/middleware/adminAuth.js:3:9)\n    at Layer.handleRequest (/Users/bster/Desktop/Dresson/node_modules/router/lib/layer.js:152:17)\n    at next (/Users/bster/Desktop/Dresson/node_modules/router/lib/route.js:157:13)\n    at Route.dispatch (/Users/bster/Desktop/Dresson/node_modules/router/lib/route.js:117:3)\n    at handle (/Users/bster/Desktop/Dresson/node_modules/router/index.js:435:11)\n    at Layer.handleRequest (/Users/bster/Desktop/Dresson/node_modules/router/lib/layer.js:152:17)\n    at /Users/bster/Desktop/Dresson/node_modules/router/index.js:295:15","timestamp":"2026-07-19T02:34:26.536Z"}
{"level":"error","message":"Error toggling product list status: Product is not defined","stack":"ReferenceError: Product is not defined\n    at toggleProductList (file:///Users/bster/Desktop/Dresson/src/controller/adminController/adminProductController.js:156:25)\n    at Layer.handleRequest (/Users/bster/Desktop/Dresson/node_modules/router/lib/layer.js:152:17)\n    at next (/Users/bster/Desktop/Dresson/node_modules/router/lib/route.js:157:13)\n    at isAdmin (file:///Users/bster/Desktop/Dresson/src/middleware/adminAuth.js:3:9)\n    at Layer.handleRequest (/Users/bster/Desktop/Dresson/node_modules/router/lib/layer.js:152:17)\n    at next (/Users/bster/Desktop/Dresson/node_modules/router/lib/route.js:157:13)\n    at Route.dispatch (/Users/bster/Desktop/Dresson/node_modules/router/lib/route.js:117:3)\n    at handle (/Users/bster/Desktop/Dresson/node_modules/router/index.js:435:11)\n    at Layer.handleRequest (/Users/bster/Desktop/Dresson/node_modules/router/lib/layer.js:152:17)\n    at /Users/bster/Desktop/Dresson/node_modules/router/index.js:295:15","timestamp":"2026-07-19T02:34:35.052Z"}
{"level":"info","message":" Dresson Server is running on http://localhost:3000","timestamp":"2026-07-19T02:34:47.948Z"}
{"level":"error","message":"Error toggling product list status: Product is not defined","stack":"ReferenceError: Product is not defined\n    at toggleProductList (file:///Users/bster/Desktop/Dresson/src/controller/adminController/adminProductController.js:156:25)\n    at Layer.handleRequest (/Users/bster/Desktop/Dresson/node_modules/router/lib/layer.js:152:17)\n    at next (/Users/bster/Desktop/Dresson/node_modules/router/lib/route.js:157:13)\n    at isAdmin (file:///Users/bster/Desktop/Dresson/src/middleware/adminAuth.js:3:9)\n    at Layer.handleRequest (/Users/bster/Desktop/Dresson/node_modules/router/lib/layer.js:152:17)\n    at next (/Users/bster/Desktop/Dresson/node_modules/router/lib/route.js:157:13)\n    at Route.dispatch (/Users/bster/Desktop/Dresson/node_modules/router/lib/route.js:117:3)\n    at handle (/Users/bster/Desktop/Dresson/node_modules/router/index.js:435:11)\n    at Layer.handleRequest (/Users/bster/Desktop/Dresson/node_modules/router/lib/layer.js:152:17)\n    at /Users/bster/Desktop/Dresson/node_modules/router/index.js:295:15","timestamp":"2026-07-19T02:34:58.289Z"}
{"level":"info","message":" Dresson Server is running on http://localhost:3000","timestamp":"2026-07-19T02:37:53.086Z"}
{"level":"info","message":" Dresson Server is running on http://localhost:3000","timestamp":"2026-07-19T02:38:13.646Z"}
{"level":"info","message":" Dresson Server is running on http://localhost:3000","timestamp":"2026-07-19T02:38:14.179Z"}
{"level":"info","message":"[CATALOG STATUS] Toggled \"Jockey Men's Cotton Boxer Briefs\" isListed to: true","timestamp":"2026-07-19T02:38:25.591Z"}
{"level":"info","message":" Dresson Server is running on http://localhost:3000","timestamp":"2026-07-19T04:33:15.821Z"}
{"level":"info","message":" Dresson Server is running on http://localhost:3000","timestamp":"2026-07-19T04:34:45.686Z"}
{"level":"info","message":" Dresson Server is running on http://localhost:3000","timestamp":"2026-07-19T04:34:46.277Z"}
{"level":"info","message":" Dresson Server is running on http://localhost:3000","timestamp":"2026-07-19T04:35:31.054Z"}
{"level":"info","message":"[CATALOG STATUS] Toggled \"BIBA  Kancheepuram saree\" isListed to: false","timestamp":"2026-07-19T04:36:13.785Z"}
{"level":"info","message":"[CATALOG STATUS] Toggled \"Levi's formal full sleeve shirt\" isListed to: false","timestamp":"2026-07-19T04:36:15.631Z"}
{"level":"info","message":"[CATALOG STATUS] Toggled \"Levi's formal full sleeve shirt\" isListed to: true","timestamp":"2026-07-19T04:36:16.444Z"}
{"level":"info","message":"[CATALOG STATUS] Toggled \"Allen Solly Junior Checked Shirt\" isListed to: false","timestamp":"2026-07-19T04:36:21.428Z"}
{"level":"info","message":"[CATALOG STATUS] Toggled \"Pepe jeans  Girls Party Dress\" isListed to: false","timestamp":"2026-07-19T04:36:22.844Z"}
{"level":"info","message":"[CATALOG STATUS] Toggled \"Pepe jeans  Girls Party Dress\" isListed to: true","timestamp":"2026-07-19T04:36:43.264Z"}
{"level":"info","message":"[CATALOG STATUS] Toggled \"Allen Solly Junior Checked Shirt\" isListed to: true","timestamp":"2026-07-19T04:36:44.276Z"}
{"level":"info","message":"[CATALOG STATUS] Toggled \"BIBA  Kancheepuram saree\" isListed to: true","timestamp":"2026-07-19T04:36:49.292Z"}
{"level":"info","message":" Dresson Server is running on http://localhost:3000","timestamp":"2026-07-19T04:48:00.677Z"}
{"level":"info","message":" Dresson Server is running on http://localhost:3000","timestamp":"2026-07-19T04:48:08.332Z"}
{"level":"info","message":" Dresson Server is running on http://localhost:3000","timestamp":"2026-07-19T04:48:09.713Z"}
{"level":"info","message":" Dresson Server is running on http://localhost:3000","timestamp":"2026-07-19T04:48:13.093Z"}
{"level":"info","message":" Dresson Server is running on http://localhost:3000","timestamp":"2026-07-19T04:48:13.998Z"}
{"level":"info","message":" Dresson Server is running on http://localhost:3000","timestamp":"2026-07-19T04:48:20.808Z"}
{"level":"info","message":" Dresson Server is running on http://localhost:3000","timestamp":"2026-07-19T05:34:17.007Z"}
{"level":"info","message":" Dresson Server is running on http://localhost:3000","timestamp":"2026-07-19T05:36:41.921Z"}
{"level":"info","message":" Dresson Server is running on http://localhost:3000","timestamp":"2026-07-19T05:37:34.605Z"}
{"level":"info","message":" Dresson Server is running on http://localhost:3000","timestamp":"2026-07-19T05:37:36.599Z"}
{"level":"info","message":" Dresson Server is running on http://localhost:3000","timestamp":"2026-07-19T05:37:37.913Z"}
{"level":"info","message":" Dresson Server is running on http://localhost:3000","timestamp":"2026-07-19T05:38:59.095Z"}
{"level":"info","message":" Dresson Server is running on http://localhost:3000","timestamp":"2026-07-19T05:39:09.862Z"}
{"level":"info","message":"[CATALOG STATUS] Toggled \"Pepe jeans  Girls Party Dress\" isListed to: true","timestamp":"2026-07-19T05:39:59.862Z"}
{"level":"info","message":" Dresson Server is running on http://localhost:3000","timestamp":"2026-07-19T05:44:14.200Z"}
{"level":"info","message":" Dresson Server is running on http://localhost:3000","timestamp":"2026-07-19T05:44:15.482Z"}
{"level":"info","message":" Dresson Server is running on http://localhost:3000","timestamp":"2026-07-19T05:44:29.761Z"}
{"level":"info","message":" Dresson Server is running on http://localhost:3000","timestamp":"2026-07-19T05:44:30.261Z"}
{"level":"info","message":" Dresson Server is running on http://localhost:3000","timestamp":"2026-07-19T05:45:14.838Z"}
{"level":"info","message":" Dresson Server is running on http://localhost:3000","timestamp":"2026-07-19T05:45:16.184Z"}
{"level":"info","message":" Dresson Server is running on http://localhost:3000","timestamp":"2026-07-19T05:45:17.199Z"}
{"level":"info","message":" Dresson Server is running on http://localhost:3000","timestamp":"2026-07-19T05:45:17.821Z"}
{"level":"info","message":" Dresson Server is running on http://localhost:3000","timestamp":"2026-07-19T05:45:19.534Z"}
{"level":"info","message":" Dresson Server is running on http://localhost:3000","timestamp":"2026-07-19T06:10:13.166Z"}
{"level":"info","message":" Dresson Server is running on http://localhost:3000","timestamp":"2026-07-19T06:10:18.553Z"}
{"level":"info","message":" Dresson Server is running on http://localhost:3000","timestamp":"2026-07-19T06:10:21.615Z"}
{"level":"info","message":" Dresson Server is running on http://localhost:3000","timestamp":"2026-07-19T06:15:18.032Z"}
{"level":"info","message":"[CATEGORY CREATION] Successfully created category \"Topwear\" (Men) with slug: \"men-topwear\"","timestamp":"2026-07-19T06:18:28.653Z"}
{"level":"info","message":"[CATEGORY CREATION] Successfully created category \"* T-Shirts * Polo Shirts * Casual Shirts * Formal Shirts * Hoodies & Sweatshirts * Sweaters * Jackets & Coats * Blazers\" (Men) with slug: \"men-t-shirts-polo-shirts-casual-shirts-formal-shirts-hoodies-sweatshirts-sweaters-jackets-coats-blazers\"","timestamp":"2026-07-19T06:19:24.758Z"}
{"level":"info","message":"[CATEGORY CREATION] Successfully created category \"Jeans, Trousers & Chinos, Shorts, Track Pants / Joggers, Cargo Pants\" (Men) with slug: \"men-jeans-trousers-chinos-shorts-track-pants-joggers-cargo-pants\"","timestamp":"2026-07-19T06:23:12.825Z"}
{"code":11000,"errorLabelSet":{},"errorResponse":{"code":11000,"errmsg":"E11000 duplicate key error collection: dresson.categories index: slug_1 dup key: { slug: \"men-jeans-trousers-chinos-shorts-track-pants-joggers-cargo-pants\" }","index":0,"keyPattern":{"slug":1},"keyValue":{"slug":"men-jeans-trousers-chinos-shorts-track-pants-joggers-cargo-pants"}},"index":0,"keyPattern":{"slug":1},"keyValue":{"slug":"men-jeans-trousers-chinos-shorts-track-pants-joggers-cargo-pants"},"level":"error","message":"Category Creation Failed: E11000 duplicate key error collection: dresson.categories index: slug_1 dup key: { slug: \"men-jeans-trousers-chinos-shorts-track-pants-joggers-cargo-pants\" }","stack":"MongoServerError: E11000 duplicate key error collection: dresson.categories index: slug_1 dup key: { slug: \"men-jeans-trousers-chinos-shorts-track-pants-joggers-cargo-pants\" }\n    at InsertOneOperation.handleOk (/Users/bster/Desktop/Dresson/node_modules/mongodb/lib/operations/insert.js:51:19)\n    at executeOperationWithRetries (/Users/bster/Desktop/Dresson/node_modules/mongodb/lib/operations/execute_operation.js:194:34)\n    at process.processTicksAndRejections (node:internal/process/task_queues:105:5)\n    at async executeOperation (/Users/bster/Desktop/Dresson/node_modules/mongodb/lib/operations/execute_operation.js:83:16)\n    at async Collection.insertOne (/Users/bster/Desktop/Dresson/node_modules/mongodb/lib/collection.js:154:16)\n    at async model.$__save (/Users/bster/Desktop/Dresson/node_modules/mongoose/lib/model.js:433:16)\n    at async maybeTracedSave (/Users/bster/Desktop/Dresson/node_modules/mongoose/lib/model.js:674:7)\n    at async postAddCategory (file:///Users/bster/Desktop/Dresson/src/controller/adminController/adminCategoryController.js:150:9)","timestamp":"2026-07-19T06:24:21.219Z"}
{"level":"info","message":"[CATEGORY CREATION] Successfully created category \"Jeans, Trousers & Chinos, Shorts, Track Pants\" (Men) with slug: \"men-jeans-trousers-chinos-shorts-track-pants\"","timestamp":"2026-07-19T06:26:07.915Z"}
{"code":11000,"errorLabelSet":{},"errorResponse":{"code":11000,"errmsg":"E11000 duplicate key error collection: dresson.categories index: slug_1 dup key: { slug: \"men-jeans-trousers-chinos-shorts-track-pants\" }","index":0,"keyPattern":{"slug":1},"keyValue":{"slug":"men-jeans-trousers-chinos-shorts-track-pants"}},"index":0,"keyPattern":{"slug":1},"keyValue":{"slug":"men-jeans-trousers-chinos-shorts-track-pants"},"level":"error","message":"Category Creation Failed: E11000 duplicate key error collection: dresson.categories index: slug_1 dup key: { slug: \"men-jeans-trousers-chinos-shorts-track-pants\" }","stack":"MongoServerError: E11000 duplicate key error collection: dresson.categories index: slug_1 dup key: { slug: \"men-jeans-trousers-chinos-shorts-track-pants\" }\n    at InsertOneOperation.handleOk (/Users/bster/Desktop/Dresson/node_modules/mongodb/lib/operations/insert.js:51:19)\n    at executeOperationWithRetries (/Users/bster/Desktop/Dresson/node_modules/mongodb/lib/operations/execute_operation.js:194:34)\n    at process.processTicksAndRejections (node:internal/process/task_queues:105:5)\n    at async executeOperation (/Users/bster/Desktop/Dresson/node_modules/mongodb/lib/operations/execute_operation.js:83:16)\n    at async Collection.insertOne (/Users/bster/Desktop/Dresson/node_modules/mongodb/lib/collection.js:154:16)\n    at async model.$__save (/Users/bster/Desktop/Dresson/node_modules/mongoose/lib/model.js:433:16)\n    at async maybeTracedSave (/Users/bster/Desktop/Dresson/node_modules/mongoose/lib/model.js:674:7)\n    at async postAddCategory (file:///Users/bster/Desktop/Dresson/src/controller/adminController/adminCategoryController.js:150:9)","timestamp":"2026-07-19T06:50:08.176Z"}
{"level":"info","message":"[CATEGORY CREATION] Successfully created category \"Ethnic Wear\" (Women) with slug: \"women-ethnic-wear\"","timestamp":"2026-07-19T06:51:41.672Z"}
{"level":"info","message":"[CATEGORY CREATION] Successfully created category \"Sarees, Salwar Kameez,  Kurtis & Tunics,  Lehengas\" (Women) with slug: \"women-sarees-salwar-kameez-kurtis-tunics-lehengas\"","timestamp":"2026-07-19T06:52:29.346Z"}
{"code":11000,"errorLabelSet":{},"errorResponse":{"code":11000,"errmsg":"E11000 duplicate key error collection: dresson.categories index: gender_1_parentCategory_1_categoryName_1 dup key: { gender: \"Men\", parentCategory: ObjectId('6a5c6c34f13db9d52a823c09'), categoryName: \"T-Shirts , Polo Shirts , Casual Shirts ,  Formal Shirts\" }","index":0,"keyPattern":{"categoryName":1,"gender":1,"parentCategory":1},"keyValue":{"categoryName":"T-Shirts , Polo Shirts , Casual Shirts ,  Formal Shirts","gender":"Men","parentCategory":"6a5c6c34f13db9d52a823c09"}},"index":0,"keyPattern":{"categoryName":1,"gender":1,"parentCategory":1},"keyValue":{"categoryName":"T-Shirts , Polo Shirts , Casual Shirts ,  Formal Shirts","gender":"Men","parentCategory":"6a5c6c34f13db9d52a823c09"},"level":"error","message":"Category Creation Failed: E11000 duplicate key error collection: dresson.categories index: gender_1_parentCategory_1_categoryName_1 dup key: { gender: \"Men\", parentCategory: ObjectId('6a5c6c34f13db9d52a823c09'), categoryName: \"T-Shirts , Polo Shirts , Casual Shirts ,  Formal Shirts\" }","stack":"MongoServerError: E11000 duplicate key error collection: dresson.categories index: gender_1_parentCategory_1_categoryName_1 dup key: { gender: \"Men\", parentCategory: ObjectId('6a5c6c34f13db9d52a823c09'), categoryName: \"T-Shirts , Polo Shirts , Casual Shirts ,  Formal Shirts\" }\n    at InsertOneOperation.handleOk (/Users/bster/Desktop/Dresson/node_modules/mongodb/lib/operations/insert.js:51:19)\n    at executeOperationWithRetries (/Users/bster/Desktop/Dresson/node_modules/mongodb/lib/operations/execute_operation.js:194:34)\n    at process.processTicksAndRejections (node:internal/process/task_queues:105:5)\n    at async executeOperation (/Users/bster/Desktop/Dresson/node_modules/mongodb/lib/operations/execute_operation.js:83:16)\n    at async Collection.insertOne (/Users/bster/Desktop/Dresson/node_modules/mongodb/lib/collection.js:154:16)\n    at async model.$__save (/Users/bster/Desktop/Dresson/node_modules/mongoose/lib/model.js:433:16)\n    at async maybeTracedSave (/Users/bster/Desktop/Dresson/node_modules/mongoose/lib/model.js:674:7)\n    at async postAddCategory (file:///Users/bster/Desktop/Dresson/src/controller/adminController/adminCategoryController.js:150:9)","timestamp":"2026-07-19T07:02:36.104Z"}
{"level":"info","message":" Dresson Server is running on http://localhost:3000","timestamp":"2026-07-19T07:07:51.728Z"}
{"code":11000,"errorLabelSet":{},"errorResponse":{"code":11000,"errmsg":"E11000 duplicate key error collection: dresson.categories index: gender_1_parentCategory_1_categoryName_1 dup key: { gender: \"Men\", parentCategory: ObjectId('6a5c6c34f13db9d52a823c09'), categoryName: \"T-Shirts , Polo Shirts , Casual Shirts ,  Formal Shirts\" }","index":0,"keyPattern":{"categoryName":1,"gender":1,"parentCategory":1},"keyValue":{"categoryName":"T-Shirts , Polo Shirts , Casual Shirts ,  Formal Shirts","gender":"Men","parentCategory":"6a5c6c34f13db9d52a823c09"}},"index":0,"keyPattern":{"categoryName":1,"gender":1,"parentCategory":1},"keyValue":{"categoryName":"T-Shirts , Polo Shirts , Casual Shirts ,  Formal Shirts","gender":"Men","parentCategory":"6a5c6c34f13db9d52a823c09"},"level":"error","message":"Category Creation Failed: E11000 duplicate key error collection: dresson.categories index: gender_1_parentCategory_1_categoryName_1 dup key: { gender: \"Men\", parentCategory: ObjectId('6a5c6c34f13db9d52a823c09'), categoryName: \"T-Shirts , Polo Shirts , Casual Shirts ,  Formal Shirts\" }","stack":"MongoServerError: E11000 duplicate key error collection: dresson.categories index: gender_1_parentCategory_1_categoryName_1 dup key: { gender: \"Men\", parentCategory: ObjectId('6a5c6c34f13db9d52a823c09'), categoryName: \"T-Shirts , Polo Shirts , Casual Shirts ,  Formal Shirts\" }\n    at InsertOneOperation.handleOk (/Users/bster/Desktop/Dresson/node_modules/mongodb/lib/operations/insert.js:51:19)\n    at executeOperationWithRetries (/Users/bster/Desktop/Dresson/node_modules/mongodb/lib/operations/execute_operation.js:194:34)\n    at process.processTicksAndRejections (node:internal/process/task_queues:105:5)\n    at async executeOperation (/Users/bster/Desktop/Dresson/node_modules/mongodb/lib/operations/execute_operation.js:83:16)\n    at async Collection.insertOne (/Users/bster/Desktop/Dresson/node_modules/mongodb/lib/collection.js:154:16)\n    at async model.$__save (/Users/bster/Desktop/Dresson/node_modules/mongoose/lib/model.js:433:16)\n    at async maybeTracedSave (/Users/bster/Desktop/Dresson/node_modules/mongoose/lib/model.js:674:7)\n    at async postAddCategory (file:///Users/bster/Desktop/Dresson/src/controller/adminController/adminCategoryController.js:150:9)","timestamp":"2026-07-19T07:09:10.515Z"}
{"level":"info","message":" Dresson Server is running on http://localhost:3000","timestamp":"2026-07-19T07:11:56.294Z"}
{"level":"info","message":" Dresson Server is running on http://localhost:3000","timestamp":"2026-07-19T07:12:15.235Z"}
{"level":"info","message":" Dresson Server is running on http://localhost:3000","timestamp":"2026-07-19T07:12:16.068Z"}
{"code":11000,"errorLabelSet":{},"errorResponse":{"code":11000,"errmsg":"E11000 duplicate key error collection: dresson.categories index: gender_1_parentCategory_1_categoryName_1 dup key: { gender: \"Men\", parentCategory: ObjectId('6a5c6c34f13db9d52a823c09'), categoryName: \"T-Shirts , Polo Shirts , Casual Shirts ,  Formal Shirts\" }","index":0,"keyPattern":{"categoryName":1,"gender":1,"parentCategory":1},"keyValue":{"categoryName":"T-Shirts , Polo Shirts , Casual Shirts ,  Formal Shirts","gender":"Men","parentCategory":"6a5c6c34f13db9d52a823c09"}},"index":0,"keyPattern":{"categoryName":1,"gender":1,"parentCategory":1},"keyValue":{"categoryName":"T-Shirts , Polo Shirts , Casual Shirts ,  Formal Shirts","gender":"Men","parentCategory":"6a5c6c34f13db9d52a823c09"},"level":"error","message":"Category Creation Failed: E11000 duplicate key error collection: dresson.categories index: gender_1_parentCategory_1_categoryName_1 dup key: { gender: \"Men\", parentCategory: ObjectId('6a5c6c34f13db9d52a823c09'), categoryName: \"T-Shirts , Polo Shirts , Casual Shirts ,  Formal Shirts\" }","stack":"MongoServerError: E11000 duplicate key error collection: dresson.categories index: gender_1_parentCategory_1_categoryName_1 dup key: { gender: \"Men\", parentCategory: ObjectId('6a5c6c34f13db9d52a823c09'), categoryName: \"T-Shirts , Polo Shirts , Casual Shirts ,  Formal Shirts\" }\n    at InsertOneOperation.handleOk (/Users/bster/Desktop/Dresson/node_modules/mongodb/lib/operations/insert.js:51:19)\n    at executeOperationWithRetries (/Users/bster/Desktop/Dresson/node_modules/mongodb/lib/operations/execute_operation.js:194:34)\n    at process.processTicksAndRejections (node:internal/process/task_queues:105:5)\n    at async executeOperation (/Users/bster/Desktop/Dresson/node_modules/mongodb/lib/operations/execute_operation.js:83:16)\n    at async Collection.insertOne (/Users/bster/Desktop/Dresson/node_modules/mongodb/lib/collection.js:154:16)\n    at async model.$__save (/Users/bster/Desktop/Dresson/node_modules/mongoose/lib/model.js:433:16)\n    at async maybeTracedSave (/Users/bster/Desktop/Dresson/node_modules/mongoose/lib/model.js:674:7)\n    at async postAddCategory (file:///Users/bster/Desktop/Dresson/src/controller/adminController/adminCategoryController.js:150:9)","timestamp":"2026-07-19T07:14:42.412Z"}
{"code":11000,"errorLabelSet":{},"errorResponse":{"code":11000,"errmsg":"E11000 duplicate key error collection: dresson.categories index: gender_1_parentCategory_1_categoryName_1 dup key: { gender: \"Men\", parentCategory: ObjectId('6a5c6c34f13db9d52a823c09'), categoryName: \"T-Shirts , Polo Shirts , Casual Shirts ,  Formal Shirts\" }","index":0,"keyPattern":{"categoryName":1,"gender":1,"parentCategory":1},"keyValue":{"categoryName":"T-Shirts , Polo Shirts , Casual Shirts ,  Formal Shirts","gender":"Men","parentCategory":"6a5c6c34f13db9d52a823c09"}},"index":0,"keyPattern":{"categoryName":1,"gender":1,"parentCategory":1},"keyValue":{"categoryName":"T-Shirts , Polo Shirts , Casual Shirts ,  Formal Shirts","gender":"Men","parentCategory":"6a5c6c34f13db9d52a823c09"},"level":"error","message":"Category Creation Failed: E11000 duplicate key error collection: dresson.categories index: gender_1_parentCategory_1_categoryName_1 dup key: { gender: \"Men\", parentCategory: ObjectId('6a5c6c34f13db9d52a823c09'), categoryName: \"T-Shirts , Polo Shirts , Casual Shirts ,  Formal Shirts\" }","stack":"MongoServerError: E11000 duplicate key error collection: dresson.categories index: gender_1_parentCategory_1_categoryName_1 dup key: { gender: \"Men\", parentCategory: ObjectId('6a5c6c34f13db9d52a823c09'), categoryName: \"T-Shirts , Polo Shirts , Casual Shirts ,  Formal Shirts\" }\n    at InsertOneOperation.handleOk (/Users/bster/Desktop/Dresson/node_modules/mongodb/lib/operations/insert.js:51:19)\n    at executeOperationWithRetries (/Users/bster/Desktop/Dresson/node_modules/mongodb/lib/operations/execute_operation.js:194:34)\n    at process.processTicksAndRejections (node:internal/process/task_queues:105:5)\n    at async executeOperation (/Users/bster/Desktop/Dresson/node_modules/mongodb/lib/operations/execute_operation.js:83:16)\n    at async Collection.insertOne (/Users/bster/Desktop/Dresson/node_modules/mongodb/lib/collection.js:154:16)\n    at async model.$__save (/Users/bster/Desktop/Dresson/node_modules/mongoose/lib/model.js:433:16)\n    at async maybeTracedSave (/Users/bster/Desktop/Dresson/node_modules/mongoose/lib/model.js:674:7)\n    at async postAddCategory (file:///Users/bster/Desktop/Dresson/src/controller/adminController/adminCategoryController.js:150:9)","timestamp":"2026-07-19T07:16:01.849Z"}
{"level":"error","message":"Global Error Handler caught:","timestamp":"2026-07-19T07:16:01.859Z"}
{"code":11000,"errorLabelSet":{},"errorResponse":{"code":11000,"errmsg":"E11000 duplicate key error collection: dresson.categories index: gender_1_parentCategory_1_categoryName_1 dup key: { gender: \"Men\", parentCategory: ObjectId('6a5c6c34f13db9d52a823c09'), categoryName: \"T-Shirts , Polo Shirts , Casual Shirts ,  Formal Shirts\" }","index":0,"keyPattern":{"categoryName":1,"gender":1,"parentCategory":1},"keyValue":{"categoryName":"T-Shirts , Polo Shirts , Casual Shirts ,  Formal Shirts","gender":"Men","parentCategory":"6a5c6c34f13db9d52a823c09"}},"index":0,"keyPattern":{"categoryName":1,"gender":1,"parentCategory":1},"keyValue":{"categoryName":"T-Shirts , Polo Shirts , Casual Shirts ,  Formal Shirts","gender":"Men","parentCategory":"6a5c6c34f13db9d52a823c09"},"level":"error","message":"Category Creation Failed: E11000 duplicate key error collection: dresson.categories index: gender_1_parentCategory_1_categoryName_1 dup key: { gender: \"Men\", parentCategory: ObjectId('6a5c6c34f13db9d52a823c09'), categoryName: \"T-Shirts , Polo Shirts , Casual Shirts ,  Formal Shirts\" }","stack":"MongoServerError: E11000 duplicate key error collection: dresson.categories index: gender_1_parentCategory_1_categoryName_1 dup key: { gender: \"Men\", parentCategory: ObjectId('6a5c6c34f13db9d52a823c09'), categoryName: \"T-Shirts , Polo Shirts , Casual Shirts ,  Formal Shirts\" }\n    at InsertOneOperation.handleOk (/Users/bster/Desktop/Dresson/node_modules/mongodb/lib/operations/insert.js:51:19)\n    at executeOperationWithRetries (/Users/bster/Desktop/Dresson/node_modules/mongodb/lib/operations/execute_operation.js:194:34)\n    at process.processTicksAndRejections (node:internal/process/task_queues:105:5)\n    at async executeOperation (/Users/bster/Desktop/Dresson/node_modules/mongodb/lib/operations/execute_operation.js:83:16)\n    at async Collection.insertOne (/Users/bster/Desktop/Dresson/node_modules/mongodb/lib/collection.js:154:16)\n    at async model.$__save (/Users/bster/Desktop/Dresson/node_modules/mongoose/lib/model.js:433:16)\n    at async maybeTracedSave (/Users/bster/Desktop/Dresson/node_modules/mongoose/lib/model.js:674:7)\n    at async postAddCategory (file:///Users/bster/Desktop/Dresson/src/controller/adminController/adminCategoryController.js:150:9)","timestamp":"2026-07-19T07:16:06.840Z"}
{"level":"error","message":"Global Error Handler caught:","timestamp":"2026-07-19T07:16:06.844Z"}
{"level":"info","message":" Dresson Server is running on http://localhost:3000","timestamp":"2026-07-19T07:16:46.724Z"}
{"code":11000,"errorLabelSet":{},"errorResponse":{"code":11000,"errmsg":"E11000 duplicate key error collection: dresson.categories index: gender_1_parentCategory_1_categoryName_1 dup key: { gender: \"Men\", parentCategory: ObjectId('6a5c6c34f13db9d52a823c09'), categoryName: \"T-Shirts , Polo Shirts , Casual Shirts ,  Formal Shirts\" }","index":0,"keyPattern":{"categoryName":1,"gender":1,"parentCategory":1},"keyValue":{"categoryName":"T-Shirts , Polo Shirts , Casual Shirts ,  Formal Shirts","gender":"Men","parentCategory":"6a5c6c34f13db9d52a823c09"}},"index":0,"keyPattern":{"categoryName":1,"gender":1,"parentCategory":1},"keyValue":{"categoryName":"T-Shirts , Polo Shirts , Casual Shirts ,  Formal Shirts","gender":"Men","parentCategory":"6a5c6c34f13db9d52a823c09"},"level":"error","message":"Category Creation Failed: E11000 duplicate key error collection: dresson.categories index: gender_1_parentCategory_1_categoryName_1 dup key: { gender: \"Men\", parentCategory: ObjectId('6a5c6c34f13db9d52a823c09'), categoryName: \"T-Shirts , Polo Shirts , Casual Shirts ,  Formal Shirts\" }","stack":"MongoServerError: E11000 duplicate key error collection: dresson.categories index: gender_1_parentCategory_1_categoryName_1 dup key: { gender: \"Men\", parentCategory: ObjectId('6a5c6c34f13db9d52a823c09'), categoryName: \"T-Shirts , Polo Shirts , Casual Shirts ,  Formal Shirts\" }\n    at InsertOneOperation.handleOk (/Users/bster/Desktop/Dresson/node_modules/mongodb/lib/operations/insert.js:51:19)\n    at executeOperationWithRetries (/Users/bster/Desktop/Dresson/node_modules/mongodb/lib/operations/execute_operation.js:194:34)\n    at process.processTicksAndRejections (node:internal/process/task_queues:105:5)\n    at async executeOperation (/Users/bster/Desktop/Dresson/node_modules/mongodb/lib/operations/execute_operation.js:83:16)\n    at async Collection.insertOne (/Users/bster/Desktop/Dresson/node_modules/mongodb/lib/collection.js:154:16)\n    at async model.$__save (/Users/bster/Desktop/Dresson/node_modules/mongoose/lib/model.js:433:16)\n    at async maybeTracedSave (/Users/bster/Desktop/Dresson/node_modules/mongoose/lib/model.js:674:7)\n    at async postAddCategory (file:///Users/bster/Desktop/Dresson/src/controller/adminController/adminCategoryController.js:150:9)","timestamp":"2026-07-19T07:17:05.656Z"}
{"level":"info","message":"[CATALOG CREATE] Successfully published product \"Levi's formal full sleeve shirt\"","timestamp":"2026-07-19T07:20:30.915Z"}
{"level":"info","message":"[CATALOG CREATE] Successfully published product \"Van Huesen formal full sleeve shirt\"","timestamp":"2026-07-19T07:22:33.966Z"}
{"level":"info","message":"[CATALOG CREATE] Successfully published product \"BIBA  Kancheepuram saree\"","timestamp":"2026-07-19T07:36:22.921Z"}
{"level":"info","message":"[CATEGORY CREATION] Successfully created category \"Inner wear\" (Men) with slug: \"men-inner-wear\"","timestamp":"2026-07-19T07:38:24.767Z"}
{"level":"info","message":"[CATALOG CREATE] Successfully published product \"Jockey Men's Cotton Boxer Briefs\"","timestamp":"2026-07-19T07:42:41.218Z"}
{"code":11000,"errorLabelSet":{},"errorResponse":{"code":11000,"errmsg":"E11000 duplicate key error collection: dresson.products index: variants.sku_1 dup key: { variants.sku: \"JOC-JOC-M-BLACK\" }","index":0,"keyPattern":{"variants.sku":1},"keyValue":{"variants.sku":"JOC-JOC-M-BLACK"}},"index":0,"keyPattern":{"variants.sku":1},"keyValue":{"variants.sku":"JOC-JOC-M-BLACK"},"level":"error","message":"Error publishing new catalog entry: E11000 duplicate key error collection: dresson.products index: variants.sku_1 dup key: { variants.sku: \"JOC-JOC-M-BLACK\" }","stack":"MongoServerError: E11000 duplicate key error collection: dresson.products index: variants.sku_1 dup key: { variants.sku: \"JOC-JOC-M-BLACK\" }\n    at InsertOneOperation.handleOk (/Users/bster/Desktop/Dresson/node_modules/mongodb/lib/operations/insert.js:51:19)\n    at executeOperationWithRetries (/Users/bster/Desktop/Dresson/node_modules/mongodb/lib/operations/execute_operation.js:194:34)\n    at process.processTicksAndRejections (node:internal/process/task_queues:105:5)\n    at async executeOperation (/Users/bster/Desktop/Dresson/node_modules/mongodb/lib/operations/execute_operation.js:83:16)\n    at async Collection.insertOne (/Users/bster/Desktop/Dresson/node_modules/mongodb/lib/collection.js:154:16)\n    at async model.$__save (/Users/bster/Desktop/Dresson/node_modules/mongoose/lib/model.js:433:16)\n    at async maybeTracedSave (/Users/bster/Desktop/Dresson/node_modules/mongoose/lib/model.js:674:7)\n    at async Module.createProduct (file:///Users/bster/Desktop/Dresson/src/repository/admin/adminProductRepository.js:42:12)\n    at async Module.executeProductCreate (file:///Users/bster/Desktop/Dresson/src/services/admin/adminProductService.js:114:12)\n    at async postAddProduct (file:///Users/bster/Desktop/Dresson/src/controller/adminController/adminProductController.js:91:9)","timestamp":"2026-07-19T07:42:45.042Z"}
{"level":"info","message":"[CATALOG STATUS] Toggled \"Jockey Men's Cotton Boxer Briefs\" isListed to: true","timestamp":"2026-07-19T07:43:23.797Z"}
{"level":"info","message":"[CATALOG STATUS] Toggled \"BIBA  Kancheepuram saree\" isListed to: true","timestamp":"2026-07-19T07:43:24.973Z"}
{"level":"info","message":"[CATALOG STATUS] Toggled \"Van Huesen formal full sleeve shirt\" isListed to: true","timestamp":"2026-07-19T07:43:26.107Z"}
{"level":"info","message":"[CATALOG STATUS] Toggled \"Levi's formal full sleeve shirt\" isListed to: true","timestamp":"2026-07-19T07:43:27.223Z"}
{"level":"info","message":" Dresson Server is running on http://localhost:3000","timestamp":"2026-07-19T08:32:23.880Z"}
{"level":"info","message":" Dresson Server is running on http://localhost:3000","timestamp":"2026-07-19T08:32:24.492Z"}
{"level":"info","message":" Dresson Server is running on http://localhost:3000","timestamp":"2026-07-19T08:33:28.845Z"}
{"level":"info","message":" Dresson Server is running on http://localhost:3000","timestamp":"2026-07-19T08:33:29.194Z"}
{"level":"info","message":" Dresson Server is running on http://localhost:3000","timestamp":"2026-07-19T08:33:30.210Z"}
{"level":"info","message":" Dresson Server is running on http://localhost:3000","timestamp":"2026-07-19T08:34:42.517Z"}
{"level":"info","message":" Dresson Server is running on http://localhost:3000","timestamp":"2026-07-19T08:34:49.787Z"}
{"level":"info","message":" Dresson Server is running on http://localhost:3000","timestamp":"2026-07-19T08:49:43.337Z"}
{"level":"info","message":" Dresson Server is running on http://localhost:3000","timestamp":"2026-07-19T08:49:44.197Z"}
{"level":"info","message":" Dresson Server is running on http://localhost:3000","timestamp":"2026-07-19T08:59:05.041Z"}
{"level":"info","message":" Dresson Server is running on http://localhost:3000","timestamp":"2026-07-19T08:59:40.458Z"}
{"level":"info","message":" Dresson Server is running on http://localhost:3000","timestamp":"2026-07-19T09:00:00.234Z"}
{"level":"info","message":" Dresson Server is running on http://localhost:3000","timestamp":"2026-07-19T09:00:03.066Z"}
{"level":"info","message":" Dresson Server is running on http://localhost:3000","timestamp":"2026-07-19T09:20:08.338Z"}
{"level":"info","message":" Dresson Server is running on http://localhost:3000","timestamp":"2026-07-19T09:39:59.870Z"}
{"level":"info","message":" Dresson Server is running on http://localhost:3000","timestamp":"2026-07-19T09:40:00.752Z"}
{"level":"error","message":"Global Error Handler caught:","timestamp":"2026-07-19T09:42:22.421Z"}
{"level":"error","message":"Global Error Handler caught:","timestamp":"2026-07-19T09:49:23.097Z"}
{"level":"info","message":" Dresson Server is running on http://localhost:3000","timestamp":"2026-07-20T09:03:21.242Z"}
{"level":"info","message":" Dresson Server is running on http://localhost:3000","timestamp":"2026-07-20T09:04:53.827Z"}
{"level":"error","message":"Global Error Handler caught:","timestamp":"2026-07-20T09:26:22.947Z"}
{"level":"info","message":" Dresson Server is running on http://localhost:3000","timestamp":"2026-07-20T09:52:20.415Z"}
{"level":"info","message":" Dresson Server is running on http://localhost:3000","timestamp":"2026-07-20T10:12:56.801Z"}
{"level":"info","message":" Dresson Server is running on http://localhost:3000","timestamp":"2026-07-20T10:13:04.058Z"}
{"level":"info","message":" Dresson Server is running on http://localhost:3000","timestamp":"2026-07-20T10:13:05.461Z"}
{"level":"info","message":" Dresson Server is running on http://localhost:3000","timestamp":"2026-07-20T10:13:12.448Z"}
{"level":"info","message":" Dresson Server is running on http://localhost:3000","timestamp":"2026-07-20T11:15:46.001Z"}
{"level":"info","message":"[CATEGORY CREATION] Successfully created category \"Inner wear\" (Women) with slug: \"women-inner-wear\"","timestamp":"2026-07-20T11:21:47.998Z"}
{"level":"error","message":"Global Error Handler caught:","timestamp":"2026-07-20T11:47:22.811Z"}
{"_message":"Product validation failed","errors":{"color":{"kind":"required","message":"Path `color` is required.","name":"ValidatorError","path":"color","properties":{"message":"Path `color` is required.","path":"color","type":"required"}}},"level":"error","message":"Error publishing new catalog entry: Product validation failed: color: Path `color` is required.","stack":"ValidationError: Product validation failed: color: Path `color` is required.\n    at model.validate (/Users/bster/Desktop/Dresson/node_modules/mongoose/lib/document.js:2864:36)\n    at process.processTicksAndRejections (node:internal/process/task_queues:105:5)\n    at async model.$__save (/Users/bster/Desktop/Dresson/node_modules/mongoose/lib/model.js:398:7)\n    at async maybeTracedSave (/Users/bster/Desktop/Dresson/node_modules/mongoose/lib/model.js:674:7)\n    at async Module.createProduct (file:///Users/bster/Desktop/Dresson/src/repository/admin/adminProductRepository.js:42:12)\n    at async Module.executeProductCreate (file:///Users/bster/Desktop/Dresson/src/services/admin/adminProductService.js:114:12)\n    at async postAddProduct (file:///Users/bster/Desktop/Dresson/src/controller/adminController/adminProductController.js:91:9)","timestamp":"2026-07-20T11:47:29.391Z"}
{"_message":"Product validation failed","errors":{"color":{"kind":"required","message":"Path `color` is required.","name":"ValidatorError","path":"color","properties":{"message":"Path `color` is required.","path":"color","type":"required"}}},"level":"error","message":"Error publishing new catalog entry: Product validation failed: color: Path `color` is required.","stack":"ValidationError: Product validation failed: color: Path `color` is required.\n    at model.validate (/Users/bster/Desktop/Dresson/node_modules/mongoose/lib/document.js:2864:36)\n    at process.processTicksAndRejections (node:internal/process/task_queues:105:5)\n    at async model.$__save (/Users/bster/Desktop/Dresson/node_modules/mongoose/lib/model.js:398:7)\n    at async maybeTracedSave (/Users/bster/Desktop/Dresson/node_modules/mongoose/lib/model.js:674:7)\n    at async Module.createProduct (file:///Users/bster/Desktop/Dresson/src/repository/admin/adminProductRepository.js:42:12)\n    at async Module.executeProductCreate (file:///Users/bster/Desktop/Dresson/src/services/admin/adminProductService.js:114:12)\n    at async postAddProduct (file:///Users/bster/Desktop/Dresson/src/controller/adminController/adminProductController.js:91:9)","timestamp":"2026-07-20T11:47:34.097Z"}
{"level":"info","message":" Dresson Server is running on http://localhost:3000","timestamp":"2026-07-20T12:13:42.183Z"}
{"level":"info","message":" Dresson Server is running on http://localhost:3000","timestamp":"2026-07-20T12:13:49.579Z"}
{"level":"info","message":" Dresson Server is running on http://localhost:3000","timestamp":"2026-07-20T12:13:50.430Z"}
{"level":"info","message":" Dresson Server is running on http://localhost:3000","timestamp":"2026-07-20T12:13:51.617Z"}
{"level":"info","message":" Dresson Server is running on http://localhost:3000","timestamp":"2026-07-20T12:14:01.047Z"}
{"level":"info","message":" Dresson Server is running on http://localhost:3000","timestamp":"2026-07-20T12:14:36.594Z"}
{"level":"info","message":" Dresson Server is running on http://localhost:3000","timestamp":"2026-07-20T12:14:40.821Z"}
{"level":"info","message":" Dresson Server is running on http://localhost:3000","timestamp":"2026-07-20T12:14:45.363Z"}
{"level":"info","message":" Dresson Server is running on http://localhost:3000","timestamp":"2026-07-20T12:14:58.414Z"}
{"level":"info","message":" Dresson Server is running on http://localhost:3000","timestamp":"2026-07-20T12:22:25.954Z"}
{"level":"info","message":" Dresson Server is running on http://localhost:3000","timestamp":"2026-07-20T12:22:50.465Z"}
{"level":"info","message":" Dresson Server is running on http://localhost:3000","timestamp":"2026-07-20T15:14:12.567Z"}
{"level":"info","message":" Dresson Server is running on http://localhost:3000","timestamp":"2026-07-20T15:14:22.236Z"}
{"level":"info","message":" Dresson Server is running on http://localhost:3000","timestamp":"2026-07-20T15:14:23.063Z"}
{"level":"info","message":" Dresson Server is running on http://localhost:3000","timestamp":"2026-07-20T15:19:16.334Z"}
{"level":"info","message":" Dresson Server is running on http://localhost:3000","timestamp":"2026-07-20T15:20:47.489Z"}
{"level":"info","message":" Dresson Server is running on http://localhost:3000","timestamp":"2026-07-20T15:36:13.597Z"}
{"level":"info","message":" Dresson Server is running on http://localhost:3000","timestamp":"2026-07-20T15:49:37.370Z"}
{"level":"info","message":" Dresson Server is running on http://localhost:3000","timestamp":"2026-07-20T15:49:37.747Z"}
{"level":"info","message":" Dresson Server is running on http://localhost:3000","timestamp":"2026-07-20T15:49:38.293Z"}
{"level":"info","message":" Dresson Server is running on http://localhost:3000","timestamp":"2026-07-20T15:49:38.832Z"}
{"level":"info","message":" Dresson Server is running on http://localhost:3000","timestamp":"2026-07-20T15:49:40.827Z"}
{"level":"info","message":" Dresson Server is running on http://localhost:3000","timestamp":"2026-07-20T15:49:42.239Z"}
{"level":"info","message":" Dresson Server is running on http://localhost:3000","timestamp":"2026-07-20T16:09:30.917Z"}
{"level":"info","message":" Dresson Server is running on http://localhost:3000","timestamp":"2026-07-20T16:09:31.649Z"}
{"level":"info","message":" Dresson Server is running on http://localhost:3000","timestamp":"2026-07-20T16:09:32.982Z"}
{"level":"info","message":" Dresson Server is running on http://localhost:3000","timestamp":"2026-07-20T16:09:33.947Z"}
{"level":"info","message":" Dresson Server is running on http://localhost:3000","timestamp":"2026-07-20T16:09:36.423Z"}
{"level":"info","message":" Dresson Server is running on http://localhost:3000","timestamp":"2026-07-20T16:09:36.842Z"}
{"level":"info","message":" Dresson Server is running on http://localhost:3000","timestamp":"2026-07-20T16:09:37.437Z"}
{"level":"info","message":" Dresson Server is running on http://localhost:3000","timestamp":"2026-07-20T16:09:37.829Z"}
{"level":"info","message":" Dresson Server is running on http://localhost:3000","timestamp":"2026-07-20T16:09:38.453Z"}
{"level":"info","message":" Dresson Server is running on http://localhost:3000","timestamp":"2026-07-20T16:09:39.457Z"}
{"level":"info","message":" Dresson Server is running on http://localhost:3000","timestamp":"2026-07-20T16:09:40.278Z"}
{"level":"info","message":" Dresson Server is running on http://localhost:3000","timestamp":"2026-07-20T16:09:40.899Z"}
{"level":"info","message":" Dresson Server is running on http://localhost:3000","timestamp":"2026-07-20T16:09:42.693Z"}
{"level":"info","message":" Dresson Server is running on http://localhost:3000","timestamp":"2026-07-20T16:09:43.094Z"}
{"level":"info","message":" Dresson Server is running on http://localhost:3000","timestamp":"2026-07-20T16:09:44.135Z"}
{"level":"info","message":" Dresson Server is running on http://localhost:3000","timestamp":"2026-07-20T16:11:52.483Z"}
{"level":"info","message":" Dresson Server is running on http://localhost:3000","timestamp":"2026-07-20T16:57:39.063Z"}
{"level":"info","message":" Dresson Server is running on http://localhost:3000","timestamp":"2026-07-20T16:57:43.895Z"}
{"level":"info","message":" Dresson Server is running on http://localhost:3000","timestamp":"2026-07-20T16:57:48.619Z"}
{"level":"info","message":" Dresson Server is running on http://localhost:3000","timestamp":"2026-07-20T16:58:28.668Z"}
{"level":"info","message":" Dresson Server is running on http://localhost:3000","timestamp":"2026-07-20T16:58:33.835Z"}
{"level":"info","message":" Dresson Server is running on http://localhost:3000","timestamp":"2026-07-20T16:58:48.289Z"}
{"level":"info","message":" Dresson Server is running on http://localhost:3000","timestamp":"2026-07-20T16:58:50.401Z"}
{"level":"info","message":" Dresson Server is running on http://localhost:3000","timestamp":"2026-07-20T16:58:58.818Z"}
{"level":"info","message":" Dresson Server is running on http://localhost:3000","timestamp":"2026-07-20T16:58:59.610Z"}
{"level":"info","message":" Dresson Server is running on http://localhost:3000","timestamp":"2026-07-20T16:59:07.101Z"}
{"level":"info","message":" Dresson Server is running on http://localhost:3000","timestamp":"2026-07-20T16:59:10.009Z"}
{"level":"info","message":" Dresson Server is running on http://localhost:3000","timestamp":"2026-07-20T16:59:13.543Z"}
{"level":"info","message":" Dresson Server is running on http://localhost:3000","timestamp":"2026-07-20T16:59:22.776Z"}
{"level":"info","message":" Dresson Server is running on http://localhost:3000","timestamp":"2026-07-20T16:59:48.998Z"}
{"level":"info","message":" Dresson Server is running on http://localhost:3000","timestamp":"2026-07-20T16:59:49.419Z"}
{"level":"info","message":" Dresson Server is running on http://localhost:3000","timestamp":"2026-07-20T17:00:02.030Z"}
{"level":"info","message":" Dresson Server is running on http://localhost:3000","timestamp":"2026-07-20T17:00:06.284Z"}
{"level":"info","message":" Dresson Server is running on http://localhost:3000","timestamp":"2026-07-20T17:00:24.873Z"}
{"level":"info","message":" Dresson Server is running on http://localhost:3000","timestamp":"2026-07-20T17:41:16.281Z"}
{"level":"info","message":" Dresson Server is running on http://localhost:3000","timestamp":"2026-07-20T17:41:16.756Z"}
{"level":"info","message":" Dresson Server is running on http://localhost:3000","timestamp":"2026-07-20T17:41:18.310Z"}
{"level":"info","message":" Dresson Server is running on http://localhost:3000","timestamp":"2026-07-20T17:41:19.281Z"}
{"level":"info","message":" Dresson Server is running on http://localhost:3000","timestamp":"2026-07-20T17:41:26.645Z"}
{"level":"info","message":" Dresson Server is running on http://localhost:3000","timestamp":"2026-07-20T17:41:27.961Z"}
{"level":"info","message":" Dresson Server is running on http://localhost:3000","timestamp":"2026-07-20T17:41:34.196Z"}
{"level":"info","message":" Dresson Server is running on http://localhost:3000","timestamp":"2026-07-21T04:51:19.433Z"}
{"level":"info","message":" Dresson Server is running on http://localhost:3000","timestamp":"2026-07-21T04:51:20.221Z"}
{"level":"info","message":" Dresson Server is running on http://localhost:3000","timestamp":"2026-07-21T04:51:20.635Z"}
{"level":"info","message":" Dresson Server is running on http://localhost:3000","timestamp":"2026-07-21T04:51:22.222Z"}
{"level":"info","message":" Dresson Server is running on http://localhost:3000","timestamp":"2026-07-21T04:51:24.167Z"}
{"level":"info","message":" Dresson Server is running on http://localhost:3000","timestamp":"2026-07-21T04:51:25.321Z"}
{"level":"info","message":" Dresson Server is running on http://localhost:3000","timestamp":"2026-07-21T04:51:25.646Z"}
{"level":"info","message":" Dresson Server is running on http://localhost:3000","timestamp":"2026-07-21T04:51:27.364Z"}
{"level":"info","message":" Dresson Server is running on http://localhost:3000","timestamp":"2026-07-21T04:51:28.437Z"}
{"level":"info","message":" Dresson Server is running on http://localhost:3000","timestamp":"2026-07-21T04:51:28.864Z"}
{"level":"info","message":" Dresson Server is running on http://localhost:3000","timestamp":"2026-07-21T04:51:29.941Z"}
{"level":"info","message":" Dresson Server is running on http://localhost:3000","timestamp":"2026-07-21T04:51:31.350Z"}
{"level":"info","message":" Dresson Server is running on http://localhost:3000","timestamp":"2026-07-21T04:51:32.020Z"}
{"level":"info","message":" Dresson Server is running on http://localhost:3000","timestamp":"2026-07-21T04:51:33.285Z"}
{"level":"info","message":" Dresson Server is running on http://localhost:3000","timestamp":"2026-07-21T04:51:49.313Z"}
{"level":"info","message":" Dresson Server is running on http://localhost:3000","timestamp":"2026-07-21T04:51:50.299Z"}
{"level":"info","message":" Dresson Server is running on http://localhost:3000","timestamp":"2026-07-21T04:51:50.639Z"}
{"level":"info","message":" Dresson Server is running on http://localhost:3000","timestamp":"2026-07-21T04:51:50.935Z"}
{"level":"info","message":" Dresson Server is running on http://localhost:3000","timestamp":"2026-07-21T04:51:52.024Z"}
{"level":"info","message":" Dresson Server is running on http://localhost:3000","timestamp":"2026-07-21T04:51:52.841Z"}
{"level":"info","message":" Dresson Server is running on http://localhost:3000","timestamp":"2026-07-21T04:51:53.261Z"}
{"level":"info","message":" Dresson Server is running on http://localhost:3000","timestamp":"2026-07-21T04:51:54.102Z"}
{"level":"info","message":" Dresson Server is running on http://localhost:3000","timestamp":"2026-07-21T04:51:54.462Z"}
{"level":"info","message":" Dresson Server is running on http://localhost:3000","timestamp":"2026-07-21T04:51:55.389Z"}
{"level":"info","message":" Dresson Server is running on http://localhost:3000","timestamp":"2026-07-21T04:51:55.806Z"}
{"level":"info","message":" Dresson Server is running on http://localhost:3000","timestamp":"2026-07-21T04:51:56.285Z"}
{"level":"info","message":" Dresson Server is running on http://localhost:3000","timestamp":"2026-07-21T04:51:56.971Z"}
{"level":"info","message":" Dresson Server is running on http://localhost:3000","timestamp":"2026-07-21T04:51:57.341Z"}
{"level":"info","message":" Dresson Server is running on http://localhost:3000","timestamp":"2026-07-21T04:51:57.623Z"}
{"level":"info","message":" Dresson Server is running on http://localhost:3000","timestamp":"2026-07-21T04:51:58.240Z"}
{"level":"info","message":" Dresson Server is running on http://localhost:3000","timestamp":"2026-07-21T04:52:02.152Z"}
{"level":"info","message":" Dresson Server is running on http://localhost:3000","timestamp":"2026-07-21T04:52:02.704Z"}
{"level":"info","message":" Dresson Server is running on http://localhost:3000","timestamp":"2026-07-21T04:52:03.881Z"}
{"level":"info","message":" Dresson Server is running on http://localhost:3000","timestamp":"2026-07-21T04:52:04.782Z"}
{"level":"info","message":" Dresson Server is running on http://localhost:3000","timestamp":"2026-07-21T04:52:05.522Z"}
{"level":"info","message":" Dresson Server is running on http://localhost:3000","timestamp":"2026-07-21T08:36:27.546Z"}
{"level":"info","message":" Dresson Server is running on http://localhost:3000","timestamp":"2026-07-21T08:36:31.341Z"}
{"level":"info","message":" Dresson Server is running on http://localhost:3000","timestamp":"2026-07-21T08:36:33.459Z"}
{"level":"info","message":" Dresson Server is running on http://localhost:3000","timestamp":"2026-07-21T08:36:40.612Z"}
{"level":"info","message":" Dresson Server is running on http://localhost:3000","timestamp":"2026-07-21T08:36:51.273Z"}
{"level":"info","message":" Dresson Server is running on http://localhost:3000","timestamp":"2026-07-21T08:36:57.885Z"}
{"level":"info","message":" Dresson Server is running on http://localhost:3000","timestamp":"2026-07-21T08:37:01.486Z"}
{"level":"info","message":" Dresson Server is running on http://localhost:3000","timestamp":"2026-07-21T08:37:17.815Z"}
{"level":"info","message":" Dresson Server is running on http://localhost:3000","timestamp":"2026-07-21T08:37:25.418Z"}
{"level":"info","message":" Dresson Server is running on http://localhost:3000","timestamp":"2026-07-21T08:37:36.324Z"}
{"level":"info","message":" Dresson Server is running on http://localhost:3000","timestamp":"2026-07-21T08:37:37.353Z"}
{"level":"info","message":" Dresson Server is running on http://localhost:3000","timestamp":"2026-07-21T08:37:38.667Z"}
{"level":"info","message":" Dresson Server is running on http://localhost:3000","timestamp":"2026-07-21T08:37:39.500Z"}
{"level":"info","message":" Dresson Server is running on http://localhost:3000","timestamp":"2026-07-21T08:37:40.523Z"}
{"level":"info","message":" Dresson Server is running on http://localhost:3000","timestamp":"2026-07-21T08:37:41.629Z"}
{"level":"info","message":" Dresson Server is running on http://localhost:3000","timestamp":"2026-07-21T08:37:42.446Z"}
{"level":"info","message":" Dresson Server is running on http://localhost:3000","timestamp":"2026-07-21T08:37:42.746Z"}
{"level":"info","message":" Dresson Server is running on http://localhost:3000","timestamp":"2026-07-21T08:38:17.667Z"}
{"level":"info","message":" Dresson Server is running on http://localhost:3000","timestamp":"2026-07-21T08:38:19.638Z"}
{"level":"info","message":" Dresson Server is running on http://localhost:3000","timestamp":"2026-07-21T08:38:23.464Z"}
{"level":"info","message":" Dresson Server is running on http://localhost:3000","timestamp":"2026-07-21T08:38:24.861Z"}
{"level":"info","message":" Dresson Server is running on http://localhost:3000","timestamp":"2026-07-21T08:38:33.833Z"}
{"level":"info","message":" Dresson Server is running on http://localhost:3000","timestamp":"2026-07-21T08:38:35.036Z"}
{"level":"info","message":" Dresson Server is running on http://localhost:3000","timestamp":"2026-07-21T08:38:42.530Z"}
{"level":"info","message":" Dresson Server is running on http://localhost:3000","timestamp":"2026-07-21T08:38:43.407Z"}
{"level":"info","message":" Dresson Server is running on http://localhost:3000","timestamp":"2026-07-21T08:38:51.106Z"}
{"level":"info","message":" Dresson Server is running on http://localhost:3000","timestamp":"2026-07-21T08:38:56.014Z"}
{"level":"info","message":" Dresson Server is running on http://localhost:3000","timestamp":"2026-07-21T08:38:56.740Z"}
{"level":"info","message":" Dresson Server is running on http://localhost:3000","timestamp":"2026-07-21T08:38:57.499Z"}
{"level":"info","message":" Dresson Server is running on http://localhost:3000","timestamp":"2026-07-21T09:06:29.217Z"}
{"level":"info","message":" Dresson Server is running on http://localhost:3000","timestamp":"2026-07-21T09:06:31.956Z"}
{"level":"info","message":" Dresson Server is running on http://localhost:3000","timestamp":"2026-07-21T09:06:33.583Z"}
{"level":"info","message":" Dresson Server is running on http://localhost:3000","timestamp":"2026-07-21T09:06:34.818Z"}
{"level":"info","message":" Dresson Server is running on http://localhost:3000","timestamp":"2026-07-21T09:06:36.335Z"}
{"level":"info","message":" Dresson Server is running on http://localhost:3000","timestamp":"2026-07-21T09:06:38.383Z"}
{"level":"info","message":" Dresson Server is running on http://localhost:3000","timestamp":"2026-07-21T09:06:39.374Z"}
{"level":"info","message":" Dresson Server is running on http://localhost:3000","timestamp":"2026-07-21T09:06:41.325Z"}
{"level":"info","message":" Dresson Server is running on http://localhost:3000","timestamp":"2026-07-21T09:06:41.898Z"}
{"level":"info","message":" Dresson Server is running on http://localhost:3000","timestamp":"2026-07-21T09:06:43.480Z"}
{"level":"info","message":" Dresson Server is running on http://localhost:3000","timestamp":"2026-07-21T09:06:44.783Z"}
{"level":"info","message":" Dresson Server is running on http://localhost:3000","timestamp":"2026-07-21T09:06:48.222Z"}
{"level":"info","message":" Dresson Server is running on http://localhost:3000","timestamp":"2026-07-21T09:06:48.794Z"}
{"level":"info","message":" Dresson Server is running on http://localhost:3000","timestamp":"2026-07-21T09:07:01.337Z"}
{"level":"info","message":" Dresson Server is running on http://localhost:3000","timestamp":"2026-07-21T09:07:02.806Z"}
{"level":"info","message":" Dresson Server is running on http://localhost:3000","timestamp":"2026-07-21T09:07:03.990Z"}
{"level":"info","message":" Dresson Server is running on http://localhost:3000","timestamp":"2026-07-21T09:07:08.839Z"}
{"level":"info","message":" Dresson Server is running on http://localhost:3000","timestamp":"2026-07-21T09:07:09.909Z"}
{"level":"info","message":" Dresson Server is running on http://localhost:3000","timestamp":"2026-07-21T09:07:11.513Z"}
{"level":"info","message":" Dresson Server is running on http://localhost:3000","timestamp":"2026-07-21T09:07:12.543Z"}
{"level":"info","message":" Dresson Server is running on http://localhost:3000","timestamp":"2026-07-21T09:07:14.053Z"}
{"level":"info","message":" Dresson Server is running on http://localhost:3000","timestamp":"2026-07-21T09:07:15.183Z"}
{"level":"info","message":" Dresson Server is running on http://localhost:3000","timestamp":"2026-07-21T09:07:15.612Z"}
{"level":"info","message":" Dresson Server is running on http://localhost:3000","timestamp":"2026-07-21T09:07:18.251Z"}
{"level":"info","message":" Dresson Server is running on http://localhost:3000","timestamp":"2026-07-21T09:07:18.948Z"}
{"level":"info","message":" Dresson Server is running on http://localhost:3000","timestamp":"2026-07-21T09:07:20.596Z"}
{"level":"info","message":" Dresson Server is running on http://localhost:3000","timestamp":"2026-07-21T09:07:21.879Z"}
{"level":"info","message":" Dresson Server is running on http://localhost:3000","timestamp":"2026-07-21T09:07:23.190Z"}
{"level":"info","message":" Dresson Server is running on http://localhost:3000","timestamp":"2026-07-21T09:07:24.409Z"}
{"level":"info","message":" Dresson Server is running on http://localhost:3000","timestamp":"2026-07-21T09:07:25.093Z"}
{"level":"info","message":" Dresson Server is running on http://localhost:3000","timestamp":"2026-07-21T09:07:25.670Z"}
{"level":"info","message":" Dresson Server is running on http://localhost:3000","timestamp":"2026-07-21T09:07:26.255Z"}
{"level":"info","message":" Dresson Server is running on http://localhost:3000","timestamp":"2026-07-21T09:07:27.452Z"}
{"level":"info","message":" Dresson Server is running on http://localhost:3000","timestamp":"2026-07-21T09:07:28.972Z"}
{"level":"info","message":" Dresson Server is running on http://localhost:3000","timestamp":"2026-07-21T09:07:30.152Z"}
{"level":"info","message":" Dresson Server is running on http://localhost:3000","timestamp":"2026-07-21T09:07:31.829Z"}
{"level":"info","message":" Dresson Server is running on http://localhost:3000","timestamp":"2026-07-21T09:07:33.022Z"}
{"level":"info","message":" Dresson Server is running on http://localhost:3000","timestamp":"2026-07-21T09:07:34.363Z"}
{"level":"info","message":" Dresson Server is running on http://localhost:3000","timestamp":"2026-07-21T09:07:35.915Z"}
{"level":"info","message":" Dresson Server is running on http://localhost:3000","timestamp":"2026-07-21T09:07:36.951Z"}
{"level":"info","message":" Dresson Server is running on http://localhost:3000","timestamp":"2026-07-21T09:07:57.119Z"}
{"level":"info","message":" Dresson Server is running on http://localhost:3000","timestamp":"2026-07-21T09:17:35.624Z"}
{"level":"info","message":" Dresson Server is running on http://localhost:3000","timestamp":"2026-07-21T09:17:38.593Z"}
{"level":"info","message":" Dresson Server is running on http://localhost:3000","timestamp":"2026-07-21T09:17:40.952Z"}
{"level":"info","message":" Dresson Server is running on http://localhost:3000","timestamp":"2026-07-21T09:17:41.424Z"}
{"level":"info","message":" Dresson Server is running on http://localhost:3000","timestamp":"2026-07-21T09:17:43.089Z"}
{"level":"info","message":" Dresson Server is running on http://localhost:3000","timestamp":"2026-07-21T09:17:43.925Z"}
{"level":"info","message":" Dresson Server is running on http://localhost:3000","timestamp":"2026-07-21T09:17:45.237Z"}
{"level":"info","message":" Dresson Server is running on http://localhost:3000","timestamp":"2026-07-21T09:17:46.660Z"}
{"level":"info","message":" Dresson Server is running on http://localhost:3000","timestamp":"2026-07-21T09:17:47.335Z"}
{"level":"info","message":" Dresson Server is running on http://localhost:3000","timestamp":"2026-07-21T09:17:50.031Z"}
{"level":"info","message":" Dresson Server is running on http://localhost:3000","timestamp":"2026-07-21T09:17:51.212Z"}
{"level":"info","message":" Dresson Server is running on http://localhost:3000","timestamp":"2026-07-21T09:17:53.154Z"}
{"level":"info","message":" Dresson Server is running on http://localhost:3000","timestamp":"2026-07-21T09:17:53.463Z"}
{"level":"info","message":" Dresson Server is running on http://localhost:3000","timestamp":"2026-07-21T09:17:54.070Z"}
{"level":"info","message":" Dresson Server is running on http://localhost:3000","timestamp":"2026-07-21T09:17:55.572Z"}
{"level":"info","message":" Dresson Server is running on http://localhost:3000","timestamp":"2026-07-21T09:39:36.256Z"}
{"level":"info","message":" Dresson Server is running on http://localhost:3000","timestamp":"2026-07-21T10:15:31.808Z"}
{"level":"info","message":" Dresson Server is running on http://localhost:3000","timestamp":"2026-07-21T10:15:32.298Z"}
{"level":"info","message":" Dresson Server is running on http://localhost:3000","timestamp":"2026-07-21T10:15:52.753Z"}
{"level":"info","message":" Dresson Server is running on http://localhost:3000","timestamp":"2026-07-21T10:53:43.251Z"}
{"level":"info","message":" Dresson Server is running on http://localhost:3000","timestamp":"2026-07-21T10:53:44.542Z"}
{"level":"info","message":" Dresson Server is running on http://localhost:3000","timestamp":"2026-07-21T10:53:44.959Z"}
{"level":"info","message":" Dresson Server is running on http://localhost:3000","timestamp":"2026-07-21T10:53:52.202Z"}
{"level":"info","message":" Dresson Server is running on http://localhost:3000","timestamp":"2026-07-21T10:53:52.811Z"}
{"level":"info","message":" Dresson Server is running on http://localhost:3000","timestamp":"2026-07-21T10:53:56.568Z"}
{"level":"info","message":" Dresson Server is running on http://localhost:3000","timestamp":"2026-07-21T10:53:59.907Z"}
{"level":"info","message":" Dresson Server is running on http://localhost:3000","timestamp":"2026-07-21T10:54:01.019Z"}
{"level":"info","message":" Dresson Server is running on http://localhost:3000","timestamp":"2026-07-21T10:54:01.766Z"}
{"level":"info","message":" Dresson Server is running on http://localhost:3000","timestamp":"2026-07-21T10:54:02.371Z"}
{"level":"info","message":" Dresson Server is running on http://localhost:3000","timestamp":"2026-07-21T10:54:02.945Z"}
{"level":"info","message":" Dresson Server is running on http://localhost:3000","timestamp":"2026-07-21T10:54:04.562Z"}
{"level":"info","message":" Dresson Server is running on http://localhost:3000","timestamp":"2026-07-21T10:54:05.380Z"}
{"level":"info","message":" Dresson Server is running on http://localhost:3000","timestamp":"2026-07-21T10:56:28.478Z"}
{"level":"info","message":" Dresson Server is running on http://localhost:3000","timestamp":"2026-07-21T10:56:31.231Z"}
{"level":"info","message":" Dresson Server is running on http://localhost:3000","timestamp":"2026-07-21T10:56:31.715Z"}
{"level":"info","message":" Dresson Server is running on http://localhost:3000","timestamp":"2026-07-21T10:56:33.500Z"}
{"level":"info","message":" Dresson Server is running on http://localhost:3000","timestamp":"2026-07-21T10:56:34.209Z"}
{"level":"info","message":" Dresson Server is running on http://localhost:3000","timestamp":"2026-07-21T10:56:35.005Z"}
{"level":"info","message":" Dresson Server is running on http://localhost:3000","timestamp":"2026-07-21T10:56:35.717Z"}
{"level":"info","message":" Dresson Server is running on http://localhost:3000","timestamp":"2026-07-21T10:56:37.838Z"}
{"level":"info","message":" Dresson Server is running on http://localhost:3000","timestamp":"2026-07-21T10:56:38.388Z"}
{"level":"info","message":" Dresson Server is running on http://localhost:3000","timestamp":"2026-07-21T10:56:38.930Z"}
{"level":"info","message":" Dresson Server is running on http://localhost:3000","timestamp":"2026-07-21T10:56:41.018Z"}
{"level":"info","message":" Dresson Server is running on http://localhost:3000","timestamp":"2026-07-21T10:56:41.635Z"}
{"level":"info","message":" Dresson Server is running on http://localhost:3000","timestamp":"2026-07-21T10:56:42.234Z"}
{"level":"info","message":" Dresson Server is running on http://localhost:3000","timestamp":"2026-07-21T10:56:42.707Z"}
{"level":"info","message":" Dresson Server is running on http://localhost:3000","timestamp":"2026-07-21T10:56:43.709Z"}
{"level":"info","message":" Dresson Server is running on http://localhost:3000","timestamp":"2026-07-21T10:56:44.356Z"}
{"level":"info","message":" Dresson Server is running on http://localhost:3000","timestamp":"2026-07-21T10:56:44.713Z"}
{"level":"info","message":" Dresson Server is running on http://localhost:3000","timestamp":"2026-07-21T10:56:45.646Z"}
{"level":"info","message":" Dresson Server is running on http://localhost:3000","timestamp":"2026-07-21T10:56:46.194Z"}
{"level":"info","message":" Dresson Server is running on http://localhost:3000","timestamp":"2026-07-21T10:56:46.729Z"}
{"level":"info","message":" Dresson Server is running on http://localhost:3000","timestamp":"2026-07-21T10:56:47.243Z"}
{"level":"info","message":" Dresson Server is running on http://localhost:3000","timestamp":"2026-07-21T10:56:47.968Z"}
{"level":"info","message":" Dresson Server is running on http://localhost:3000","timestamp":"2026-07-21T10:56:49.121Z"}
{"level":"info","message":" Dresson Server is running on http://localhost:3000","timestamp":"2026-07-21T10:56:50.885Z"}
{"level":"info","message":" Dresson Server is running on http://localhost:3000","timestamp":"2026-07-21T10:56:51.976Z"}
{"level":"info","message":" Dresson Server is running on http://localhost:3000","timestamp":"2026-07-21T10:56:52.886Z"}
{"level":"info","message":" Dresson Server is running on http://localhost:3000","timestamp":"2026-07-21T10:56:53.778Z"}
{"level":"info","message":" Dresson Server is running on http://localhost:3000","timestamp":"2026-07-21T10:56:54.279Z"}
{"level":"info","message":" Dresson Server is running on http://localhost:3000","timestamp":"2026-07-21T10:56:55.183Z"}
{"level":"info","message":" Dresson Server is running on http://localhost:3000","timestamp":"2026-07-21T10:56:56.024Z"}
{"level":"info","message":" Dresson Server is running on http://localhost:3000","timestamp":"2026-07-21T10:56:58.554Z"}
{"level":"info","message":" Dresson Server is running on http://localhost:3000","timestamp":"2026-07-21T10:56:59.038Z"}
{"level":"info","message":" Dresson Server is running on http://localhost:3000","timestamp":"2026-07-21T10:57:00.049Z"}
{"level":"info","message":" Dresson Server is running on http://localhost:3000","timestamp":"2026-07-21T10:57:00.832Z"}
{"level":"info","message":" Dresson Server is running on http://localhost:3000","timestamp":"2026-07-21T10:57:01.670Z"}
{"level":"info","message":" Dresson Server is running on http://localhost:3000","timestamp":"2026-07-21T10:57:02.163Z"}
{"level":"info","message":" Dresson Server is running on http://localhost:3000","timestamp":"2026-07-21T10:57:10.431Z"}
{"level":"info","message":" Dresson Server is running on http://localhost:3000","timestamp":"2026-07-21T10:57:43.386Z"}
{"level":"info","message":" Dresson Server is running on http://localhost:3000","timestamp":"2026-07-21T10:57:46.077Z"}
{"level":"info","message":" Dresson Server is running on http://localhost:3000","timestamp":"2026-07-21T10:57:48.845Z"}
{"level":"info","message":" Dresson Server is running on http://localhost:3000","timestamp":"2026-07-21T10:57:49.357Z"}
{"level":"info","message":" Dresson Server is running on http://localhost:3000","timestamp":"2026-07-21T10:57:56.039Z"}
{"level":"info","message":" Dresson Server is running on http://localhost:3000","timestamp":"2026-07-21T10:57:59.913Z"}
{"level":"info","message":" Dresson Server is running on http://localhost:3000","timestamp":"2026-07-21T10:58:01.375Z"}
{"level":"info","message":" Dresson Server is running on http://localhost:3000","timestamp":"2026-07-21T10:58:05.298Z"}
{"level":"info","message":" Dresson Server is running on http://localhost:3000","timestamp":"2026-07-21T10:58:06.275Z"}
{"level":"info","message":" Dresson Server is running on http://localhost:3000","timestamp":"2026-07-21T10:58:07.453Z"}
{"level":"info","message":" Dresson Server is running on http://localhost:3000","timestamp":"2026-07-21T10:58:08.864Z"}
{"level":"info","message":" Dresson Server is running on http://localhost:3000","timestamp":"2026-07-21T10:58:09.456Z"}
{"level":"info","message":" Dresson Server is running on http://localhost:3000","timestamp":"2026-07-21T10:58:10.073Z"}
{"level":"info","message":" Dresson Server is running on http://localhost:3000","timestamp":"2026-07-21T10:58:10.559Z"}
{"level":"info","message":" Dresson Server is running on http://localhost:3000","timestamp":"2026-07-21T10:58:12.003Z"}
{"level":"info","message":" Dresson Server is running on http://localhost:3000","timestamp":"2026-07-21T10:58:13.975Z"}
{"level":"info","message":" Dresson Server is running on http://localhost:3000","timestamp":"2026-07-21T10:58:17.349Z"}
{"level":"info","message":" Dresson Server is running on http://localhost:3000","timestamp":"2026-07-21T10:58:17.945Z"}
{"level":"info","message":" Dresson Server is running on http://localhost:3000","timestamp":"2026-07-21T10:58:19.121Z"}
{"level":"info","message":" Dresson Server is running on http://localhost:3000","timestamp":"2026-07-21T10:58:20.483Z"}
{"level":"info","message":" Dresson Server is running on http://localhost:3000","timestamp":"2026-07-21T10:58:21.831Z"}
{"level":"info","message":" Dresson Server is running on http://localhost:3000","timestamp":"2026-07-21T10:58:23.106Z"}
{"level":"info","message":" Dresson Server is running on http://localhost:3000","timestamp":"2026-07-21T10:58:23.672Z"}
{"level":"info","message":" Dresson Server is running on http://localhost:3000","timestamp":"2026-07-21T10:58:25.486Z"}
{"level":"info","message":" Dresson Server is running on http://localhost:3000","timestamp":"2026-07-21T10:58:26.764Z"}
{"level":"info","message":" Dresson Server is running on http://localhost:3000","timestamp":"2026-07-21T10:58:28.149Z"}
{"level":"info","message":" Dresson Server is running on http://localhost:3000","timestamp":"2026-07-21T10:58:28.555Z"}
{"level":"info","message":" Dresson Server is running on http://localhost:3000","timestamp":"2026-07-21T10:58:29.126Z"}
{"level":"info","message":" Dresson Server is running on http://localhost:3000","timestamp":"2026-07-21T10:58:29.953Z"}
{"level":"info","message":" Dresson Server is running on http://localhost:3000","timestamp":"2026-07-21T10:58:31.260Z"}
{"level":"info","message":" Dresson Server is running on http://localhost:3000","timestamp":"2026-07-21T10:58:32.962Z"}
{"level":"info","message":" Dresson Server is running on http://localhost:3000","timestamp":"2026-07-21T10:58:33.402Z"}
{"level":"info","message":" Dresson Server is running on http://localhost:3000","timestamp":"2026-07-21T10:58:34.379Z"}
{"level":"info","message":" Dresson Server is running on http://localhost:3000","timestamp":"2026-07-21T11:46:17.357Z"}
{"level":"info","message":" Dresson Server is running on http://localhost:3000","timestamp":"2026-07-21T11:46:20.030Z"}
{"level":"info","message":" Dresson Server is running on http://localhost:3000","timestamp":"2026-07-21T11:46:21.418Z"}
{"level":"info","message":" Dresson Server is running on http://localhost:3000","timestamp":"2026-07-21T11:46:23.227Z"}
{"level":"info","message":" Dresson Server is running on http://localhost:3000","timestamp":"2026-07-21T11:46:24.463Z"}
{"level":"info","message":" Dresson Server is running on http://localhost:3000","timestamp":"2026-07-21T11:46:25.837Z"}
{"level":"info","message":" Dresson Server is running on http://localhost:3000","timestamp":"2026-07-21T11:46:27.607Z"}
{"level":"info","message":" Dresson Server is running on http://localhost:3000","timestamp":"2026-07-21T11:46:38.976Z"}
{"level":"info","message":" Dresson Server is running on http://localhost:3000","timestamp":"2026-07-21T11:46:40.105Z"}
{"level":"info","message":" Dresson Server is running on http://localhost:3000","timestamp":"2026-07-21T11:46:41.714Z"}
{"level":"info","message":" Dresson Server is running on http://localhost:3000","timestamp":"2026-07-21T11:46:43.613Z"}
{"level":"info","message":" Dresson Server is running on http://localhost:3000","timestamp":"2026-07-21T11:51:41.634Z"}
{"level":"info","message":" Dresson Server is running on http://localhost:3000","timestamp":"2026-07-21T12:18:35.448Z"}
{"level":"info","message":" Dresson Server is running on http://localhost:3000","timestamp":"2026-07-21T12:18:36.039Z"}
{"level":"info","message":" Dresson Server is running on http://localhost:3000","timestamp":"2026-07-21T14:09:13.017Z"}
{"level":"info","message":" Dresson Server is running on http://localhost:3000","timestamp":"2026-07-21T14:09:16.429Z"}
{"level":"info","message":" Dresson Server is running on http://localhost:3000","timestamp":"2026-07-21T14:09:17.575Z"}
{"level":"info","message":" Dresson Server is running on http://localhost:3000","timestamp":"2026-07-21T14:09:27.457Z"}
{"level":"info","message":" Dresson Server is running on http://localhost:3000","timestamp":"2026-07-21T14:09:28.286Z"}
{"level":"info","message":" Dresson Server is running on http://localhost:3000","timestamp":"2026-07-21T14:09:30.466Z"}
{"level":"info","message":" Dresson Server is running on http://localhost:3000","timestamp":"2026-07-21T14:09:33.766Z"}
{"level":"info","message":" Dresson Server is running on http://localhost:3000","timestamp":"2026-07-21T14:09:41.710Z"}
{"level":"info","message":" Dresson Server is running on http://localhost:3000","timestamp":"2026-07-21T14:09:58.471Z"}
{"level":"info","message":" Dresson Server is running on http://localhost:3000","timestamp":"2026-07-21T14:10:23.386Z"}
{"level":"info","message":" Dresson Server is running on http://localhost:3000","timestamp":"2026-07-21T14:10:24.154Z"}
{"level":"info","message":" Dresson Server is running on http://localhost:3000","timestamp":"2026-07-21T14:10:25.578Z"}
{"level":"info","message":" Dresson Server is running on http://localhost:3000","timestamp":"2026-07-21T14:10:35.413Z"}
{"level":"info","message":" Dresson Server is running on http://localhost:3000","timestamp":"2026-07-21T14:10:38.729Z"}
{"level":"info","message":" Dresson Server is running on http://localhost:3000","timestamp":"2026-07-21T14:10:42.084Z"}
{"level":"info","message":" Dresson Server is running on http://localhost:3000","timestamp":"2026-07-21T14:10:43.748Z"}
{"level":"info","message":" Dresson Server is running on http://localhost:3000","timestamp":"2026-07-21T14:10:47.535Z"}
{"level":"info","message":" Dresson Server is running on http://localhost:3000","timestamp":"2026-07-21T14:10:51.329Z"}
{"level":"info","message":" Dresson Server is running on http://localhost:3000","timestamp":"2026-07-21T14:10:52.431Z"}
{"level":"info","message":" Dresson Server is running on http://localhost:3000","timestamp":"2026-07-21T14:13:09.426Z"}
{"level":"info","message":" Dresson Server is running on http://localhost:3000","timestamp":"2026-07-21T14:13:10.572Z"}
{"level":"info","message":" Dresson Server is running on http://localhost:3000","timestamp":"2026-07-21T14:13:11.256Z"}
{"level":"info","message":" Dresson Server is running on http://localhost:3000","timestamp":"2026-07-21T14:13:12.685Z"}
{"level":"info","message":" Dresson Server is running on http://localhost:3000","timestamp":"2026-07-21T14:13:13.166Z"}
{"level":"info","message":" Dresson Server is running on http://localhost:3000","timestamp":"2026-07-21T14:13:14.223Z"}
{"level":"info","message":" Dresson Server is running on http://localhost:3000","timestamp":"2026-07-21T14:13:15.420Z"}
{"level":"info","message":" Dresson Server is running on http://localhost:3000","timestamp":"2026-07-21T14:13:15.859Z"}
{"level":"info","message":" Dresson Server is running on http://localhost:3000","timestamp":"2026-07-21T14:13:16.559Z"}
{"level":"info","message":" Dresson Server is running on http://localhost:3000","timestamp":"2026-07-21T14:13:17.734Z"}
{"level":"info","message":" Dresson Server is running on http://localhost:3000","timestamp":"2026-07-21T14:13:19.550Z"}
{"level":"info","message":" Dresson Server is running on http://localhost:3000","timestamp":"2026-07-21T14:13:20.754Z"}
{"level":"info","message":" Dresson Server is running on http://localhost:3000","timestamp":"2026-07-21T14:13:22.657Z"}
{"level":"info","message":" Dresson Server is running on http://localhost:3000","timestamp":"2026-07-21T14:13:23.067Z"}
{"level":"info","message":" Dresson Server is running on http://localhost:3000","timestamp":"2026-07-21T14:13:25.451Z"}
{"level":"info","message":" Dresson Server is running on http://localhost:3000","timestamp":"2026-07-21T14:13:27.671Z"}
{"level":"info","message":" Dresson Server is running on http://localhost:3000","timestamp":"2026-07-21T14:13:28.477Z"}
{"level":"info","message":" Dresson Server is running on http://localhost:3000","timestamp":"2026-07-21T14:13:30.249Z"}
{"level":"info","message":" Dresson Server is running on http://localhost:3000","timestamp":"2026-07-21T14:13:31.508Z"}
{"level":"info","message":" Dresson Server is running on http://localhost:3000","timestamp":"2026-07-21T14:13:32.177Z"}
{"level":"info","message":" Dresson Server is running on http://localhost:3000","timestamp":"2026-07-21T14:13:32.645Z"}
{"level":"info","message":" Dresson Server is running on http://localhost:3000","timestamp":"2026-07-21T14:13:34.128Z"}
{"level":"info","message":" Dresson Server is running on http://localhost:3000","timestamp":"2026-07-21T14:13:35.078Z"}
{"level":"info","message":" Dresson Server is running on http://localhost:3000","timestamp":"2026-07-21T14:13:36.364Z"}
{"level":"info","message":" Dresson Server is running on http://localhost:3000","timestamp":"2026-07-21T14:13:37.627Z"}
{"level":"info","message":" Dresson Server is running on http://localhost:3000","timestamp":"2026-07-21T14:13:38.726Z"}
{"level":"info","message":" Dresson Server is running on http://localhost:3000","timestamp":"2026-07-21T14:13:39.877Z"}
{"level":"info","message":" Dresson Server is running on http://localhost:3000","timestamp":"2026-07-21T16:58:59.911Z"}
{"level":"info","message":" Dresson Server is running on http://localhost:3000","timestamp":"2026-07-22T04:56:24.448Z"}
{"level":"info","message":" Dresson Server is running on http://localhost:3000","timestamp":"2026-07-23T10:30:20.107Z"}
{"level":"info","message":" Dresson Server is running on http://localhost:3000","timestamp":"2026-07-23T10:30:20.767Z"}
{"level":"info","message":" Dresson Server is running on http://localhost:3000","timestamp":"2026-07-23T10:30:43.124Z"}
{"level":"info","message":" Dresson Server is running on http://localhost:3000","timestamp":"2026-07-23T10:30:43.909Z"}
{"level":"info","message":" Dresson Server is running on http://localhost:3000","timestamp":"2026-07-23T10:30:48.656Z"}
{"level":"info","message":" Dresson Server is running on http://localhost:3000","timestamp":"2026-07-23T10:30:49.538Z"}
{"level":"info","message":" Dresson Server is running on http://localhost:3000","timestamp":"2026-07-23T10:30:55.752Z"}
{"level":"info","message":" Dresson Server is running on http://localhost:3000","timestamp":"2026-07-23T10:31:05.885Z"}
{"level":"info","message":" Dresson Server is running on http://localhost:3000","timestamp":"2026-07-23T10:31:10.354Z"}
{"level":"info","message":" Dresson Server is running on http://localhost:3000","timestamp":"2026-07-23T10:31:19.891Z"}
{"level":"info","message":" Dresson Server is running on http://localhost:3000","timestamp":"2026-07-23T10:31:26.441Z"}
{"level":"info","message":" Dresson Server is running on http://localhost:3000","timestamp":"2026-07-23T10:31:27.590Z"}
{"level":"info","message":" Dresson Server is running on http://localhost:3000","timestamp":"2026-07-23T10:31:33.496Z"}
{"level":"info","message":" Dresson Server is running on http://localhost:3000","timestamp":"2026-07-23T10:31:34.384Z"}
{"level":"info","message":" Dresson Server is running on http://localhost:3000","timestamp":"2026-07-23T10:31:38.454Z"}
{"level":"info","message":" Dresson Server is running on http://localhost:3000","timestamp":"2026-07-23T10:31:43.009Z"}
{"level":"info","message":" Dresson Server is running on http://localhost:3000","timestamp":"2026-07-23T10:31:46.502Z"}
{"level":"info","message":" Dresson Server is running on http://localhost:3000","timestamp":"2026-07-23T10:31:53.378Z"}
{"level":"info","message":" Dresson Server is running on http://localhost:3000","timestamp":"2026-07-23T10:31:58.393Z"}
{"level":"info","message":" Dresson Server is running on http://localhost:3000","timestamp":"2026-07-23T10:32:01.931Z"}
{"level":"info","message":" Dresson Server is running on http://localhost:3000","timestamp":"2026-07-23T10:32:08.966Z"}
{"level":"info","message":" Dresson Server is running on http://localhost:3000","timestamp":"2026-07-23T10:32:17.993Z"}
{"level":"info","message":" Dresson Server is running on http://localhost:3000","timestamp":"2026-07-23T10:32:20.004Z"}
{"level":"info","message":" Dresson Server is running on http://localhost:3000","timestamp":"2026-07-23T10:32:30.564Z"}
{"level":"info","message":" Dresson Server is running on http://localhost:3000","timestamp":"2026-07-23T10:32:31.008Z"}
{"level":"info","message":" Dresson Server is running on http://localhost:3000","timestamp":"2026-07-23T10:32:34.641Z"}
{"level":"info","message":" Dresson Server is running on http://localhost:3000","timestamp":"2026-07-23T10:32:35.561Z"}
{"level":"info","message":" Dresson Server is running on http://localhost:3000","timestamp":"2026-07-23T10:33:11.360Z"}
{"level":"info","message":" Dresson Server is running on http://localhost:3000","timestamp":"2026-07-23T10:33:22.013Z"}
{"level":"info","message":" Dresson Server is running on http://localhost:3000","timestamp":"2026-07-23T10:33:22.994Z"}
{"level":"info","message":" Dresson Server is running on http://localhost:3000","timestamp":"2026-07-23T10:33:25.628Z"}
{"level":"info","message":" Dresson Server is running on http://localhost:3000","timestamp":"2026-07-23T10:33:33.873Z"}
{"level":"info","message":" Dresson Server is running on http://localhost:3000","timestamp":"2026-07-23T10:34:46.132Z"}
{"level":"info","message":" Dresson Server is running on http://localhost:3000","timestamp":"2026-07-23T10:34:46.544Z"}
{"level":"info","message":" Dresson Server is running on http://localhost:3000","timestamp":"2026-07-23T10:34:48.748Z"}
{"level":"info","message":" Dresson Server is running on http://localhost:3000","timestamp":"2026-07-23T10:34:49.712Z"}
{"level":"info","message":" Dresson Server is running on http://localhost:3000","timestamp":"2026-07-23T10:34:50.866Z"}
{"level":"info","message":" Dresson Server is running on http://localhost:3000","timestamp":"2026-07-23T10:34:51.241Z"}
{"level":"info","message":" Dresson Server is running on http://localhost:3000","timestamp":"2026-07-23T10:34:52.266Z"}
{"level":"info","message":" Dresson Server is running on http://localhost:3000","timestamp":"2026-07-23T10:34:52.689Z"}
{"level":"info","message":" Dresson Server is running on http://localhost:3000","timestamp":"2026-07-23T10:34:53.032Z"}
{"level":"info","message":" Dresson Server is running on http://localhost:3000","timestamp":"2026-07-23T10:34:53.657Z"}
{"level":"info","message":" Dresson Server is running on http://localhost:3000","timestamp":"2026-07-23T10:35:04.549Z"}
{"level":"info","message":" Dresson Server is running on http://localhost:3000","timestamp":"2026-07-23T10:35:05.606Z"}
{"level":"info","message":" Dresson Server is running on http://localhost:3000","timestamp":"2026-07-23T10:35:06.516Z"}
{"level":"info","message":" Dresson Server is running on http://localhost:3000","timestamp":"2026-07-23T10:35:07.331Z"}
{"level":"info","message":" Dresson Server is running on http://localhost:3000","timestamp":"2026-07-23T10:35:07.710Z"}
{"level":"info","message":" Dresson Server is running on http://localhost:3000","timestamp":"2026-07-23T10:35:09.428Z"}
{"level":"info","message":" Dresson Server is running on http://localhost:3000","timestamp":"2026-07-23T10:35:09.860Z"}
{"level":"info","message":" Dresson Server is running on http://localhost:3000","timestamp":"2026-07-23T10:35:10.443Z"}
{"level":"info","message":" Dresson Server is running on http://localhost:3000","timestamp":"2026-07-23T10:35:11.300Z"}
{"level":"info","message":" Dresson Server is running on http://localhost:3000","timestamp":"2026-07-23T10:35:11.738Z"}
{"level":"info","message":" Dresson Server is running on http://localhost:3000","timestamp":"2026-07-23T10:35:13.462Z"}
{"level":"info","message":" Dresson Server is running on http://localhost:3000","timestamp":"2026-07-23T10:35:14.941Z"}
{"level":"info","message":" Dresson Server is running on http://localhost:3000","timestamp":"2026-07-23T10:35:16.369Z"}
{"level":"info","message":" Dresson Server is running on http://localhost:3000","timestamp":"2026-07-23T10:35:16.756Z"}
{"level":"info","message":" Dresson Server is running on http://localhost:3000","timestamp":"2026-07-23T10:35:25.733Z"}
{"level":"info","message":" Dresson Server is running on http://localhost:3000","timestamp":"2026-07-23T10:35:26.490Z"}
{"level":"info","message":" Dresson Server is running on http://localhost:3000","timestamp":"2026-07-23T10:35:34.084Z"}
{"level":"info","message":" Dresson Server is running on http://localhost:3000","timestamp":"2026-07-23T10:35:52.698Z"}
{"level":"info","message":" Dresson Server is running on http://localhost:3000","timestamp":"2026-07-23T10:35:53.934Z"}
{"level":"info","message":" Dresson Server is running on http://localhost:3000","timestamp":"2026-07-23T10:35:56.351Z"}
{"level":"info","message":" Dresson Server is running on http://localhost:3000","timestamp":"2026-07-23T10:35:59.866Z"}
{"level":"info","message":" Dresson Server is running on http://localhost:3000","timestamp":"2026-07-23T10:36:01.904Z"}
{"level":"info","message":" Dresson Server is running on http://localhost:3000","timestamp":"2026-07-23T10:36:03.378Z"}
{"level":"info","message":" Dresson Server is running on http://localhost:3000","timestamp":"2026-07-23T10:36:03.743Z"}
{"level":"info","message":" Dresson Server is running on http://localhost:3000","timestamp":"2026-07-23T10:36:04.763Z"}
{"level":"info","message":" Dresson Server is running on http://localhost:3000","timestamp":"2026-07-23T10:36:05.579Z"}
{"level":"info","message":" Dresson Server is running on http://localhost:3000","timestamp":"2026-07-23T10:36:06.245Z"}
{"level":"info","message":" Dresson Server is running on http://localhost:3000","timestamp":"2026-07-23T10:36:11.019Z"}
{"level":"info","message":" Dresson Server is running on http://localhost:3000","timestamp":"2026-07-23T10:36:18.354Z"}
{"level":"info","message":" Dresson Server is running on http://localhost:3000","timestamp":"2026-07-23T10:36:31.642Z"}
{"level":"info","message":" Dresson Server is running on http://localhost:3000","timestamp":"2026-07-23T10:36:31.989Z"}
{"level":"info","message":" Dresson Server is running on http://localhost:3000","timestamp":"2026-07-23T10:36:32.631Z"}
{"level":"info","message":" Dresson Server is running on http://localhost:3000","timestamp":"2026-07-23T10:36:33.733Z"}
{"level":"info","message":" Dresson Server is running on http://localhost:3000","timestamp":"2026-07-23T10:36:34.494Z"}
{"level":"info","message":" Dresson Server is running on http://localhost:3000","timestamp":"2026-07-23T10:36:34.934Z"}
{"level":"info","message":" Dresson Server is running on http://localhost:3000","timestamp":"2026-07-23T10:36:35.802Z"}
{"level":"info","message":" Dresson Server is running on http://localhost:3000","timestamp":"2026-07-23T10:36:37.074Z"}
{"level":"info","message":" Dresson Server is running on http://localhost:3000","timestamp":"2026-07-23T10:36:37.814Z"}
{"level":"info","message":" Dresson Server is running on http://localhost:3000","timestamp":"2026-07-23T10:36:38.944Z"}
{"level":"info","message":" Dresson Server is running on http://localhost:3000","timestamp":"2026-07-23T10:36:39.679Z"}
{"level":"info","message":" Dresson Server is running on http://localhost:3000","timestamp":"2026-07-23T10:36:40.009Z"}
{"level":"info","message":" Dresson Server is running on http://localhost:3000","timestamp":"2026-07-23T10:36:46.730Z"}
{"level":"info","message":" Dresson Server is running on http://localhost:3000","timestamp":"2026-07-23T10:36:54.732Z"}
{"level":"info","message":" Dresson Server is running on http://localhost:3000","timestamp":"2026-07-23T10:39:45.386Z"}
{"level":"info","message":" Dresson Server is running on http://localhost:3000","timestamp":"2026-07-23T10:41:06.835Z"}
{"level":"info","message":" Dresson Server is running on http://localhost:3000","timestamp":"2026-07-23T10:41:11.170Z"}
{"level":"info","message":" Dresson Server is running on http://localhost:3000","timestamp":"2026-07-23T10:41:17.625Z"}
{"level":"info","message":" Dresson Server is running on http://localhost:3000","timestamp":"2026-07-23T10:45:41.477Z"}
{"level":"info","message":" Dresson Server is running on http://localhost:3000","timestamp":"2026-07-23T10:45:42.283Z"}
{"level":"info","message":" Dresson Server is running on http://localhost:3000","timestamp":"2026-07-23T10:45:51.006Z"}
{"level":"info","message":" Dresson Server is running on http://localhost:3000","timestamp":"2026-07-23T10:45:58.882Z"}
{"level":"info","message":" Dresson Server is running on http://localhost:3000","timestamp":"2026-07-23T10:46:05.172Z"}
{"level":"info","message":" Dresson Server is running on http://localhost:3000","timestamp":"2026-07-23T10:46:10.180Z"}
{"level":"info","message":" Dresson Server is running on http://localhost:3000","timestamp":"2026-07-23T10:46:11.211Z"}
{"level":"info","message":" Dresson Server is running on http://localhost:3000","timestamp":"2026-07-23T10:46:15.562Z"}
{"level":"info","message":" Dresson Server is running on http://localhost:3000","timestamp":"2026-07-23T10:46:21.705Z"}
{"level":"info","message":" Dresson Server is running on http://localhost:3000","timestamp":"2026-07-23T10:46:25.331Z"}
{"level":"error","message":"Global Error Handler caught:","timestamp":"2026-07-23T10:46:36.560Z"}
{"level":"error","message":"Global Error Handler caught:","timestamp":"2026-07-23T10:46:40.381Z"}
{"level":"error","message":"Global Error Handler caught:","timestamp":"2026-07-23T10:49:23.747Z"}
{"level":"error","message":"Global Error Handler caught:","timestamp":"2026-07-23T10:49:40.708Z"}
{"level":"info","message":" Dresson Server is running on http://localhost:3000","timestamp":"2026-07-23T10:53:52.149Z"}
{"level":"error","message":"Global Error Handler caught:","timestamp":"2026-07-23T10:54:04.748Z"}
{"level":"info","message":" Dresson Server is running on http://localhost:3000","timestamp":"2026-07-23T10:56:23.933Z"}
{"level":"info","message":" Dresson Server is running on http://localhost:3000","timestamp":"2026-07-23T10:56:25.859Z"}
{"level":"info","message":" Dresson Server is running on http://localhost:3000","timestamp":"2026-07-23T10:56:29.195Z"}
{"level":"info","message":" Dresson Server is running on http://localhost:3000","timestamp":"2026-07-23T10:56:33.744Z"}
{"level":"info","message":" Dresson Server is running on http://localhost:3000","timestamp":"2026-07-23T10:56:37.635Z"}
{"level":"info","message":" Dresson Server is running on http://localhost:3000","timestamp":"2026-07-23T10:56:47.077Z"}
{"level":"info","message":" Dresson Server is running on http://localhost:3000","timestamp":"2026-07-23T10:56:59.389Z"}
{"level":"info","message":" Dresson Server is running on http://localhost:3000","timestamp":"2026-07-23T10:57:58.139Z"}
{"level":"info","message":" Dresson Server is running on http://localhost:3000","timestamp":"2026-07-23T10:58:26.946Z"}
{"level":"info","message":" Dresson Server is running on http://localhost:3000","timestamp":"2026-07-23T10:58:27.652Z"}
{"level":"error","message":"Global Error Handler caught:","timestamp":"2026-07-23T10:58:37.990Z"}
{"level":"info","message":" Dresson Server is running on http://localhost:3000","timestamp":"2026-07-23T10:59:04.230Z"}
{"level":"error","message":"Global Error Handler caught:","timestamp":"2026-07-23T10:59:11.545Z"}
{"level":"error","message":"Global Error Handler caught:","timestamp":"2026-07-23T10:59:18.655Z"}
{"level":"info","message":" Dresson Server is running on http://localhost:3000","timestamp":"2026-07-23T11:01:28.092Z"}
{"level":"error","message":"Global Error Handler caught:","timestamp":"2026-07-23T17:15:07.145Z"}
{"level":"error","message":"Global Error Handler caught:","timestamp":"2026-07-23T17:15:32.987Z"}
{"level":"error","message":"Global Error Handler caught:","timestamp":"2026-07-23T17:15:34.226Z"}
{"level":"error","message":"Global Error Handler caught:","timestamp":"2026-07-23T17:15:37.684Z"}
{"level":"info","message":" Dresson Server is running on http://localhost:3000","timestamp":"2026-07-23T17:15:51.452Z"}
{"level":"error","message":"Global Error Handler caught:","timestamp":"2026-07-23T17:15:57.109Z"}
{"level":"info","message":" Dresson Server is running on http://localhost:3000","timestamp":"2026-07-23T17:16:56.935Z"}
{"level":"error","message":"Global Error Handler caught:","timestamp":"2026-07-23T17:16:59.876Z"}
{"level":"error","message":"Global Error Handler caught:","timestamp":"2026-07-23T17:17:02.614Z"}
{"level":"info","message":" Dresson Server is running on http://localhost:3000","timestamp":"2026-07-23T17:18:19.817Z"}
{"level":"error","message":"Global Error Handler caught:","timestamp":"2026-07-23T17:18:23.589Z"}
{"level":"error","message":"Global Error Handler caught:","timestamp":"2026-07-23T17:18:24.291Z"}
{"level":"error","message":"Global Error Handler caught:","timestamp":"2026-07-23T17:18:24.548Z"}
{"level":"error","message":"Global Error Handler caught:","timestamp":"2026-07-23T17:18:24.761Z"}
{"level":"error","message":"Global Error Handler caught:","timestamp":"2026-07-23T17:18:27.408Z"}
{"level":"info","message":" Dresson Server is running on http://localhost:3000","timestamp":"2026-07-23T18:00:59.375Z"}
{"level":"info","message":" Dresson Server is running on http://localhost:3000","timestamp":"2026-07-23T18:10:48.887Z"}
{"level":"info","message":" Dresson Server is running on http://localhost:3000","timestamp":"2026-07-23T18:11:12.084Z"}
{"level":"info","message":" Dresson Server is running on http://localhost:3000","timestamp":"2026-07-23T18:11:25.521Z"}
{"level":"info","message":" Dresson Server is running on http://localhost:3000","timestamp":"2026-07-23T18:11:25.932Z"}
{"level":"info","message":" Dresson Server is running on http://localhost:3000","timestamp":"2026-07-23T18:11:27.111Z"}
{"level":"info","message":" Dresson Server is running on http://localhost:3000","timestamp":"2026-07-23T18:11:32.529Z"}
{"level":"info","message":" Dresson Server is running on http://localhost:3000","timestamp":"2026-07-23T18:11:38.324Z"}
{"level":"info","message":" Dresson Server is running on http://localhost:3000","timestamp":"2026-07-23T18:11:44.662Z"}
{"level":"info","message":" Dresson Server is running on http://localhost:3000","timestamp":"2026-07-23T18:11:45.032Z"}
{"level":"info","message":" Dresson Server is running on http://localhost:3000","timestamp":"2026-07-23T18:12:04.055Z"}
{"level":"info","message":" Dresson Server is running on http://localhost:3000","timestamp":"2026-07-23T18:12:20.287Z"}
{"level":"info","message":" Dresson Server is running on http://localhost:3000","timestamp":"2026-07-23T18:12:27.054Z"}
{"level":"info","message":" Dresson Server is running on http://localhost:3000","timestamp":"2026-07-23T18:12:28.126Z"}
{"level":"info","message":" Dresson Server is running on http://localhost:3000","timestamp":"2026-07-23T18:12:36.509Z"}
{"level":"info","message":" Dresson Server is running on http://localhost:3000","timestamp":"2026-07-23T18:12:37.539Z"}
{"level":"info","message":" Dresson Server is running on http://localhost:3000","timestamp":"2026-07-23T18:12:43.925Z"}
{"level":"info","message":" Dresson Server is running on http://localhost:3000","timestamp":"2026-07-23T18:12:45.046Z"}
{"level":"info","message":" Dresson Server is running on http://localhost:3000","timestamp":"2026-07-23T18:12:49.233Z"}
{"level":"info","message":" Dresson Server is running on http://localhost:3000","timestamp":"2026-07-23T18:12:52.290Z"}
{"level":"info","message":" Dresson Server is running on http://localhost:3000","timestamp":"2026-07-23T18:13:01.662Z"}
{"level":"info","message":" Dresson Server is running on http://localhost:3000","timestamp":"2026-07-23T18:13:02.679Z"}
{"level":"info","message":" Dresson Server is running on http://localhost:3000","timestamp":"2026-07-23T18:13:07.139Z"}
{"level":"info","message":" Dresson Server is running on http://localhost:3000","timestamp":"2026-07-23T18:13:16.545Z"}
{"level":"info","message":" Dresson Server is running on http://localhost:3000","timestamp":"2026-07-23T18:13:20.778Z"}
{"level":"info","message":" Dresson Server is running on http://localhost:3000","timestamp":"2026-07-23T18:13:38.732Z"}
{"level":"info","message":" Dresson Server is running on http://localhost:3000","timestamp":"2026-07-23T18:13:43.452Z"}
{"level":"info","message":" Dresson Server is running on http://localhost:3000","timestamp":"2026-07-23T18:13:47.889Z"}
{"level":"info","message":" Dresson Server is running on http://localhost:3000","timestamp":"2026-07-23T18:13:52.020Z"}
{"level":"error","message":"Admin authentication system exception:","timestamp":"2026-07-23T18:18:46.319Z"}
{"level":"error","message":"Admin authentication system exception:","timestamp":"2026-07-23T18:18:50.225Z"}
{"level":"error","message":"Admin authentication system exception:","timestamp":"2026-07-23T18:19:10.258Z"}
{"level":"info","message":" Dresson Server is running on http://localhost:3000","timestamp":"2026-07-23T18:22:51.504Z"}
{"level":"info","message":" Dresson Server is running on http://localhost:3000","timestamp":"2026-07-23T18:22:59.836Z"}
{"level":"info","message":" Dresson Server is running on http://localhost:3000","timestamp":"2026-07-23T18:23:13.669Z"}
{"level":"info","message":" Dresson Server is running on http://localhost:3000","timestamp":"2026-07-23T18:23:14.471Z"}
{"level":"info","message":" Dresson Server is running on http://localhost:3000","timestamp":"2026-07-23T18:23:26.461Z"}
{"level":"info","message":" Dresson Server is running on http://localhost:3000","timestamp":"2026-07-23T18:23:33.494Z"}
{"level":"info","message":" Dresson Server is running on http://localhost:3000","timestamp":"2026-07-23T18:23:33.794Z"}
{"level":"info","message":" Dresson Server is running on http://localhost:3000","timestamp":"2026-07-23T18:23:36.095Z"}
{"level":"info","message":" Dresson Server is running on http://localhost:3000","timestamp":"2026-07-23T18:23:41.810Z"}
{"level":"info","message":" Dresson Server is running on http://localhost:3000","timestamp":"2026-07-23T18:24:41.978Z"}
{"level":"info","message":" Dresson Server is running on http://localhost:3000","timestamp":"2026-07-23T18:24:53.268Z"}
{"level":"info","message":" Dresson Server is running on http://localhost:3000","timestamp":"2026-07-23T18:25:08.052Z"}
{"level":"info","message":" Dresson Server is running on http://localhost:3000","timestamp":"2026-07-23T18:25:12.398Z"}
{"level":"info","message":" Dresson Server is running on http://localhost:3000","timestamp":"2026-07-23T18:25:19.311Z"}
{"level":"info","message":" Dresson Server is running on http://localhost:3000","timestamp":"2026-07-23T18:25:24.288Z"}
{"level":"info","message":" Dresson Server is running on http://localhost:3000","timestamp":"2026-07-23T18:25:24.703Z"}
{"level":"info","message":" Dresson Server is running on http://localhost:3000","timestamp":"2026-07-23T18:25:28.511Z"}
{"level":"info","message":" Dresson Server is running on http://localhost:3000","timestamp":"2026-07-23T18:25:35.172Z"}
{"level":"info","message":" Dresson Server is running on http://localhost:3000","timestamp":"2026-07-23T18:25:42.139Z"}
{"level":"info","message":" Dresson Server is running on http://localhost:3000","timestamp":"2026-07-23T18:25:49.899Z"}
{"level":"info","message":" Dresson Server is running on http://localhost:3000","timestamp":"2026-07-23T18:26:01.259Z"}
{"level":"info","message":" Dresson Server is running on http://localhost:3000","timestamp":"2026-07-23T18:26:07.041Z"}
{"level":"info","message":" Dresson Server is running on http://localhost:3000","timestamp":"2026-07-23T18:26:08.102Z"}
{"level":"info","message":" Dresson Server is running on http://localhost:3000","timestamp":"2026-07-23T18:26:17.049Z"}
{"level":"info","message":" Dresson Server is running on http://localhost:3000","timestamp":"2026-07-23T18:26:20.238Z"}
{"level":"info","message":" Dresson Server is running on http://localhost:3000","timestamp":"2026-07-23T18:26:31.707Z"}
{"level":"info","message":" Dresson Server is running on http://localhost:3000","timestamp":"2026-07-23T18:26:33.554Z"}
{"level":"info","message":" Dresson Server is running on http://localhost:3000","timestamp":"2026-07-23T18:26:33.875Z"}
{"level":"info","message":" Dresson Server is running on http://localhost:3000","timestamp":"2026-07-23T18:26:34.753Z"}
{"level":"info","message":" Dresson Server is running on http://localhost:3000","timestamp":"2026-07-23T18:26:35.612Z"}
{"level":"info","message":" Dresson Server is running on http://localhost:3000","timestamp":"2026-07-23T18:26:36.055Z"}
{"level":"info","message":" Dresson Server is running on http://localhost:3000","timestamp":"2026-07-23T18:26:36.447Z"}
{"level":"info","message":" Dresson Server is running on http://localhost:3000","timestamp":"2026-07-23T18:26:37.271Z"}
{"level":"info","message":" Dresson Server is running on http://localhost:3000","timestamp":"2026-07-23T18:26:39.405Z"}
{"level":"info","message":" Dresson Server is running on http://localhost:3000","timestamp":"2026-07-23T18:26:40.551Z"}
{"level":"info","message":" Dresson Server is running on http://localhost:3000","timestamp":"2026-07-23T18:26:41.402Z"}
{"level":"info","message":" Dresson Server is running on http://localhost:3000","timestamp":"2026-07-23T18:26:42.923Z"}
{"level":"info","message":" Dresson Server is running on http://localhost:3000","timestamp":"2026-07-23T18:26:44.439Z"}
{"level":"info","message":" Dresson Server is running on http://localhost:3000","timestamp":"2026-07-23T18:26:51.899Z"}
{"level":"info","message":" Dresson Server is running on http://localhost:3000","timestamp":"2026-07-23T18:26:53.843Z"}
{"level":"info","message":" Dresson Server is running on http://localhost:3000","timestamp":"2026-07-23T18:27:04.471Z"}
{"level":"info","message":" Dresson Server is running on http://localhost:3000","timestamp":"2026-07-23T18:27:05.038Z"}
{"level":"info","message":" Dresson Server is running on http://localhost:3000","timestamp":"2026-07-23T18:27:06.246Z"}
{"level":"info","message":" Dresson Server is running on http://localhost:3000","timestamp":"2026-07-23T18:27:06.853Z"}
{"level":"info","message":" Dresson Server is running on http://localhost:3000","timestamp":"2026-07-23T18:27:07.594Z"}
{"level":"info","message":" Dresson Server is running on http://localhost:3000","timestamp":"2026-07-23T18:27:09.385Z"}
{"level":"info","message":" Dresson Server is running on http://localhost:3000","timestamp":"2026-07-23T18:27:10.230Z"}
{"level":"info","message":" Dresson Server is running on http://localhost:3000","timestamp":"2026-07-23T18:27:10.750Z"}
{"level":"info","message":" Dresson Server is running on http://localhost:3000","timestamp":"2026-07-23T18:27:11.271Z"}
{"level":"info","message":" Dresson Server is running on http://localhost:3000","timestamp":"2026-07-23T18:27:12.310Z"}
{"level":"info","message":" Dresson Server is running on http://localhost:3000","timestamp":"2026-07-23T18:27:12.586Z"}
{"level":"info","message":" Dresson Server is running on http://localhost:3000","timestamp":"2026-07-23T18:27:14.211Z"}
{"level":"info","message":" Dresson Server is running on http://localhost:3000","timestamp":"2026-07-23T18:27:15.130Z"}
{"level":"info","message":" Dresson Server is running on http://localhost:3000","timestamp":"2026-07-23T18:27:16.546Z"}
{"level":"info","message":" Dresson Server is running on http://localhost:3000","timestamp":"2026-07-23T18:27:17.317Z"}
{"level":"info","message":" Dresson Server is running on http://localhost:3000","timestamp":"2026-07-23T18:27:26.692Z"}
{"level":"info","message":" Dresson Server is running on http://localhost:3000","timestamp":"2026-07-23T18:27:28.551Z"}
{"level":"info","message":" Dresson Server is running on http://localhost:3000","timestamp":"2026-07-23T18:27:33.901Z"}
{"level":"info","message":" Dresson Server is running on http://localhost:3000","timestamp":"2026-07-23T18:27:38.047Z"}
{"level":"info","message":" Dresson Server is running on http://localhost:3000","timestamp":"2026-07-23T18:27:44.294Z"}
{"level":"info","message":" Dresson Server is running on http://localhost:3000","timestamp":"2026-07-23T18:27:45.412Z"}
{"level":"info","message":" Dresson Server is running on http://localhost:3000","timestamp":"2026-07-23T18:27:54.988Z"}
{"level":"info","message":" Dresson Server is running on http://localhost:3000","timestamp":"2026-07-23T18:27:55.498Z"}
{"level":"info","message":" Dresson Server is running on http://localhost:3000","timestamp":"2026-07-23T18:27:57.093Z"}
{"level":"info","message":" Dresson Server is running on http://localhost:3000","timestamp":"2026-07-23T18:27:57.585Z"}
{"level":"info","message":" Dresson Server is running on http://localhost:3000","timestamp":"2026-07-23T18:27:58.315Z"}
{"level":"info","message":" Dresson Server is running on http://localhost:3000","timestamp":"2026-07-23T18:28:02.020Z"}
{"level":"info","message":" Dresson Server is running on http://localhost:3000","timestamp":"2026-07-23T18:28:05.539Z"}
{"level":"info","message":" Dresson Server is running on http://localhost:3000","timestamp":"2026-07-23T18:28:10.881Z"}
{"level":"info","message":" Dresson Server is running on http://localhost:3000","timestamp":"2026-07-23T18:28:11.809Z"}
{"level":"info","message":" Dresson Server is running on http://localhost:3000","timestamp":"2026-07-23T18:28:12.816Z"}
{"level":"info","message":" Dresson Server is running on http://localhost:3000","timestamp":"2026-07-23T18:28:14.558Z"}
{"level":"info","message":" Dresson Server is running on http://localhost:3000","timestamp":"2026-07-23T18:28:15.723Z"}
{"level":"info","message":" Dresson Server is running on http://localhost:3000","timestamp":"2026-07-23T18:28:16.180Z"}
{"level":"info","message":" Dresson Server is running on http://localhost:3000","timestamp":"2026-07-23T18:28:17.506Z"}
{"level":"info","message":" Dresson Server is running on http://localhost:3000","timestamp":"2026-07-23T18:28:18.843Z"}
{"level":"info","message":" Dresson Server is running on http://localhost:3000","timestamp":"2026-07-23T18:28:19.677Z"}
{"level":"info","message":" Dresson Server is running on http://localhost:3000","timestamp":"2026-07-23T18:28:20.070Z"}
{"level":"info","message":" Dresson Server is running on http://localhost:3000","timestamp":"2026-07-23T18:28:32.650Z"}
{"level":"info","message":" Dresson Server is running on http://localhost:3000","timestamp":"2026-07-23T18:29:12.309Z"}
{"level":"info","message":" Dresson Server is running on http://localhost:3000","timestamp":"2026-07-23T18:29:22.950Z"}
{"level":"info","message":" Dresson Server is running on http://localhost:3000","timestamp":"2026-07-23T18:29:23.919Z"}
{"level":"info","message":" Dresson Server is running on http://localhost:3000","timestamp":"2026-07-23T18:29:24.370Z"}
{"level":"info","message":" Dresson Server is running on http://localhost:3000","timestamp":"2026-07-23T18:29:25.735Z"}
{"level":"info","message":" Dresson Server is running on http://localhost:3000","timestamp":"2026-07-23T18:29:26.168Z"}
{"level":"info","message":" Dresson Server is running on http://localhost:3000","timestamp":"2026-07-23T18:29:27.688Z"}
{"level":"info","message":" Dresson Server is running on http://localhost:3000","timestamp":"2026-07-23T18:29:28.551Z"}
{"level":"info","message":" Dresson Server is running on http://localhost:3000","timestamp":"2026-07-23T18:29:29.179Z"}
{"level":"info","message":" Dresson Server is running on http://localhost:3000","timestamp":"2026-07-23T18:29:29.684Z"}
{"level":"info","message":" Dresson Server is running on http://localhost:3000","timestamp":"2026-07-23T18:29:30.199Z"}
{"level":"info","message":" Dresson Server is running on http://localhost:3000","timestamp":"2026-07-23T18:29:30.590Z"}
{"level":"info","message":" Dresson Server is running on http://localhost:3000","timestamp":"2026-07-23T18:29:31.298Z"}
{"level":"info","message":" Dresson Server is running on http://localhost:3000","timestamp":"2026-07-23T18:29:32.297Z"}
{"level":"info","message":" Dresson Server is running on http://localhost:3000","timestamp":"2026-07-23T18:29:39.675Z"}
{"level":"info","message":" Dresson Server is running on http://localhost:3000","timestamp":"2026-07-23T18:29:44.870Z"}
{"level":"info","message":" Dresson Server is running on http://localhost:3000","timestamp":"2026-07-23T18:29:53.365Z"}
{"level":"info","message":" Dresson Server is running on http://localhost:3000","timestamp":"2026-07-23T18:29:56.865Z"}
{"level":"info","message":" Dresson Server is running on http://localhost:3000","timestamp":"2026-07-23T18:29:58.700Z"}
{"level":"info","message":" Dresson Server is running on http://localhost:3000","timestamp":"2026-07-23T18:29:59.929Z"}
{"level":"info","message":" Dresson Server is running on http://localhost:3000","timestamp":"2026-07-23T18:30:00.618Z"}
{"level":"info","message":" Dresson Server is running on http://localhost:3000","timestamp":"2026-07-23T18:30:01.967Z"}
{"level":"info","message":" Dresson Server is running on http://localhost:3000","timestamp":"2026-07-23T18:30:02.632Z"}
{"level":"info","message":" Dresson Server is running on http://localhost:3000","timestamp":"2026-07-23T18:30:03.520Z"}
{"level":"info","message":" Dresson Server is running on http://localhost:3000","timestamp":"2026-07-23T18:30:04.282Z"}
{"level":"info","message":" Dresson Server is running on http://localhost:3000","timestamp":"2026-07-23T18:30:12.358Z"}
{"level":"info","message":" Dresson Server is running on http://localhost:3000","timestamp":"2026-07-23T18:30:13.131Z"}
{"level":"info","message":" Dresson Server is running on http://localhost:3000","timestamp":"2026-07-23T18:30:13.981Z"}
{"level":"info","message":" Dresson Server is running on http://localhost:3000","timestamp":"2026-07-23T18:30:14.735Z"}
{"level":"info","message":" Dresson Server is running on http://localhost:3000","timestamp":"2026-07-23T18:30:15.733Z"}
{"level":"info","message":" Dresson Server is running on http://localhost:3000","timestamp":"2026-07-23T18:30:18.006Z"}
{"level":"info","message":" Dresson Server is running on http://localhost:3000","timestamp":"2026-07-23T18:30:19.203Z"}
{"level":"info","message":" Dresson Server is running on http://localhost:3000","timestamp":"2026-07-23T18:30:20.418Z"}
{"level":"info","message":" Dresson Server is running on http://localhost:3000","timestamp":"2026-07-23T18:30:20.720Z"}
{"level":"info","message":" Dresson Server is running on http://localhost:3000","timestamp":"2026-07-23T18:30:21.303Z"}
{"level":"info","message":" Dresson Server is running on http://localhost:3000","timestamp":"2026-07-23T18:30:21.638Z"}
{"level":"info","message":" Dresson Server is running on http://localhost:3000","timestamp":"2026-07-23T18:30:22.083Z"}
{"level":"info","message":" Dresson Server is running on http://localhost:3000","timestamp":"2026-07-23T18:30:22.927Z"}
{"level":"info","message":" Dresson Server is running on http://localhost:3000","timestamp":"2026-07-23T18:31:01.849Z"}
{"level":"info","message":" Dresson Server is running on http://localhost:3000","timestamp":"2026-07-23T18:31:03.553Z"}
{"level":"info","message":" Dresson Server is running on http://localhost:3000","timestamp":"2026-07-23T18:31:04.174Z"}
{"level":"info","message":" Dresson Server is running on http://localhost:3000","timestamp":"2026-07-23T18:31:05.017Z"}
{"level":"info","message":" Dresson Server is running on http://localhost:3000","timestamp":"2026-07-23T18:31:06.607Z"}
{"level":"info","message":" Dresson Server is running on http://localhost:3000","timestamp":"2026-07-23T18:31:08.304Z"}
{"level":"info","message":" Dresson Server is running on http://localhost:3000","timestamp":"2026-07-23T18:31:10.795Z"}
{"level":"info","message":" Dresson Server is running on http://localhost:3000","timestamp":"2026-07-23T18:31:19.356Z"}
{"level":"info","message":" Dresson Server is running on http://localhost:3000","timestamp":"2026-07-23T18:31:21.278Z"}
{"level":"info","message":" Dresson Server is running on http://localhost:3000","timestamp":"2026-07-23T18:31:27.082Z"}
{"level":"info","message":" Dresson Server is running on http://localhost:3000","timestamp":"2026-07-23T18:31:28.071Z"}
{"level":"info","message":" Dresson Server is running on http://localhost:3000","timestamp":"2026-07-23T18:31:35.416Z"}
{"level":"info","message":" Dresson Server is running on http://localhost:3000","timestamp":"2026-07-23T18:31:40.080Z"}
{"level":"info","message":" Dresson Server is running on http://localhost:3000","timestamp":"2026-07-23T18:31:53.255Z"}
{"level":"info","message":" Dresson Server is running on http://localhost:3000","timestamp":"2026-07-23T18:33:02.042Z"}
{"level":"info","message":" Dresson Server is running on http://localhost:3000","timestamp":"2026-07-23T18:33:02.759Z"}
{"level":"info","message":" Dresson Server is running on http://localhost:3000","timestamp":"2026-07-23T18:33:07.509Z"}
{"level":"info","message":" Dresson Server is running on http://localhost:3000","timestamp":"2026-07-23T18:33:08.641Z"}
{"level":"info","message":" Dresson Server is running on http://localhost:3000","timestamp":"2026-07-23T18:33:13.439Z"}
{"level":"info","message":" Dresson Server is running on http://localhost:3000","timestamp":"2026-07-23T18:33:19.349Z"}
{"level":"info","message":" Dresson Server is running on http://localhost:3000","timestamp":"2026-07-23T18:33:32.339Z"}
{"level":"info","message":" Dresson Server is running on http://localhost:3000","timestamp":"2026-07-23T18:33:32.766Z"}
{"level":"info","message":" Dresson Server is running on http://localhost:3000","timestamp":"2026-07-23T18:33:33.279Z"}
{"level":"info","message":" Dresson Server is running on http://localhost:3000","timestamp":"2026-07-23T18:33:42.199Z"}
{"level":"info","message":" Dresson Server is running on http://localhost:3000","timestamp":"2026-07-23T18:33:42.552Z"}
{"level":"info","message":" Dresson Server is running on http://localhost:3000","timestamp":"2026-07-23T18:33:48.641Z"}
{"level":"info","message":" Dresson Server is running on http://localhost:3000","timestamp":"2026-07-23T18:33:53.289Z"}
{"level":"info","message":" Dresson Server is running on http://localhost:3000","timestamp":"2026-07-23T18:33:58.768Z"}
{"level":"info","message":" Dresson Server is running on http://localhost:3000","timestamp":"2026-07-23T18:33:59.538Z"}
{"level":"info","message":" Dresson Server is running on http://localhost:3000","timestamp":"2026-07-23T18:34:00.020Z"}
{"level":"info","message":" Dresson Server is running on http://localhost:3000","timestamp":"2026-07-23T18:34:00.406Z"}
{"level":"info","message":" Dresson Server is running on http://localhost:3000","timestamp":"2026-07-23T18:34:04.546Z"}
{"level":"info","message":" Dresson Server is running on http://localhost:3000","timestamp":"2026-07-23T18:34:11.268Z"}
{"level":"info","message":" Dresson Server is running on http://localhost:3000","timestamp":"2026-07-23T18:34:18.757Z"}
{"level":"info","message":" Dresson Server is running on http://localhost:3000","timestamp":"2026-07-23T18:34:21.874Z"}
{"level":"info","message":" Dresson Server is running on http://localhost:3000","timestamp":"2026-07-23T18:34:24.344Z"}
{"level":"info","message":" Dresson Server is running on http://localhost:3000","timestamp":"2026-07-23T18:34:30.057Z"}
{"level":"info","message":" Dresson Server is running on http://localhost:3000","timestamp":"2026-07-23T18:34:30.428Z"}
{"level":"info","message":" Dresson Server is running on http://localhost:3000","timestamp":"2026-07-23T18:34:36.058Z"}
{"level":"info","message":" Dresson Server is running on http://localhost:3000","timestamp":"2026-07-23T18:34:41.765Z"}
{"level":"info","message":" Dresson Server is running on http://localhost:3000","timestamp":"2026-07-23T18:34:46.167Z"}
{"level":"info","message":" Dresson Server is running on http://localhost:3000","timestamp":"2026-07-23T18:34:50.350Z"}
{"level":"info","message":" Dresson Server is running on http://localhost:3000","timestamp":"2026-07-23T18:35:03.703Z"}
{"level":"info","message":" Dresson Server is running on http://localhost:3000","timestamp":"2026-07-23T18:35:04.067Z"}
{"level":"info","message":" Dresson Server is running on http://localhost:3000","timestamp":"2026-07-23T18:35:10.306Z"}
{"level":"info","message":" Dresson Server is running on http://localhost:3000","timestamp":"2026-07-23T18:35:10.739Z"}
{"level":"info","message":" Dresson Server is running on http://localhost:3000","timestamp":"2026-07-23T18:35:26.131Z"}
{"level":"info","message":" Dresson Server is running on http://localhost:3000","timestamp":"2026-07-23T18:35:32.667Z"}
{"level":"info","message":" Dresson Server is running on http://localhost:3000","timestamp":"2026-07-23T18:35:40.582Z"}
{"level":"info","message":" Dresson Server is running on http://localhost:3000","timestamp":"2026-07-23T18:35:46.119Z"}
{"level":"info","message":" Dresson Server is running on http://localhost:3000","timestamp":"2026-07-23T18:35:46.511Z"}
{"level":"info","message":" Dresson Server is running on http://localhost:3000","timestamp":"2026-07-23T18:35:50.327Z"}
{"level":"info","message":" Dresson Server is running on http://localhost:3000","timestamp":"2026-07-23T18:35:56.988Z"}
{"level":"info","message":" Dresson Server is running on http://localhost:3000","timestamp":"2026-07-23T18:36:03.158Z"}
{"level":"info","message":" Dresson Server is running on http://localhost:3000","timestamp":"2026-07-23T18:36:05.461Z"}
{"level":"info","message":" Dresson Server is running on http://localhost:3000","timestamp":"2026-07-23T18:36:09.439Z"}
{"level":"info","message":" Dresson Server is running on http://localhost:3000","timestamp":"2026-07-23T18:36:09.980Z"}
{"level":"info","message":" Dresson Server is running on http://localhost:3000","timestamp":"2026-07-23T18:36:10.479Z"}
{"level":"info","message":" Dresson Server is running on http://localhost:3000","timestamp":"2026-07-23T18:36:14.618Z"}
{"level":"info","message":" Dresson Server is running on http://localhost:3000","timestamp":"2026-07-23T18:36:20.341Z"}
{"level":"info","message":" Dresson Server is running on http://localhost:3000","timestamp":"2026-07-23T18:36:28.081Z"}
{"level":"info","message":" Dresson Server is running on http://localhost:3000","timestamp":"2026-07-23T18:36:32.817Z"}
{"level":"info","message":" Dresson Server is running on http://localhost:3000","timestamp":"2026-07-23T18:36:38.560Z"}
{"level":"info","message":" Dresson Server is running on http://localhost:3000","timestamp":"2026-07-23T18:36:39.000Z"}
{"level":"info","message":" Dresson Server is running on http://localhost:3000","timestamp":"2026-07-23T18:36:49.113Z"}
{"level":"info","message":" Dresson Server is running on http://localhost:3000","timestamp":"2026-07-23T18:36:49.631Z"}
{"level":"info","message":" Dresson Server is running on http://localhost:3000","timestamp":"2026-07-23T18:36:50.198Z"}
{"level":"info","message":" Dresson Server is running on http://localhost:3000","timestamp":"2026-07-23T18:36:50.871Z"}
{"level":"info","message":" Dresson Server is running on http://localhost:3000","timestamp":"2026-07-23T18:36:56.545Z"}
{"level":"info","message":" Dresson Server is running on http://localhost:3000","timestamp":"2026-07-23T18:37:01.008Z"}
{"level":"info","message":" Dresson Server is running on http://localhost:3000","timestamp":"2026-07-23T18:37:02.055Z"}
{"level":"info","message":" Dresson Server is running on http://localhost:3000","timestamp":"2026-07-23T18:37:09.581Z"}
{"level":"info","message":" Dresson Server is running on http://localhost:3000","timestamp":"2026-07-23T18:37:10.684Z"}
{"level":"info","message":" Dresson Server is running on http://localhost:3000","timestamp":"2026-07-23T18:37:15.079Z"}
{"level":"info","message":" Dresson Server is running on http://localhost:3000","timestamp":"2026-07-23T18:37:18.499Z"}
{"level":"info","message":" Dresson Server is running on http://localhost:3000","timestamp":"2026-07-23T18:37:22.807Z"}
{"level":"info","message":" Dresson Server is running on http://localhost:3000","timestamp":"2026-07-23T18:37:33.841Z"}
{"level":"info","message":" Dresson Server is running on http://localhost:3000","timestamp":"2026-07-23T18:37:34.895Z"}
{"level":"info","message":" Dresson Server is running on http://localhost:3000","timestamp":"2026-07-23T18:37:39.182Z"}
{"level":"info","message":" Dresson Server is running on http://localhost:3000","timestamp":"2026-07-23T18:37:43.515Z"}
{"level":"info","message":" Dresson Server is running on http://localhost:3000","timestamp":"2026-07-23T18:37:57.436Z"}
{"level":"info","message":" Dresson Server is running on http://localhost:3000","timestamp":"2026-07-23T18:38:00.797Z"}
{"level":"info","message":" Dresson Server is running on http://localhost:3000","timestamp":"2026-07-23T18:38:16.693Z"}
{"level":"info","message":" Dresson Server is running on http://localhost:3000","timestamp":"2026-07-23T18:38:18.060Z"}
{"level":"info","message":" Dresson Server is running on http://localhost:3000","timestamp":"2026-07-24T01:59:11.123Z"}
{"level":"info","message":" Dresson Server is running on http://localhost:3000","timestamp":"2026-07-24T03:03:40.112Z"}
{"level":"info","message":" Dresson Server is running on http://localhost:3000","timestamp":"2026-07-24T03:04:00.332Z"}
{"level":"info","message":" Dresson Server is running on http://localhost:3000","timestamp":"2026-07-24T03:04:02.850Z"}
{"level":"info","message":" Dresson Server is running on http://localhost:3000","timestamp":"2026-07-24T03:04:07.315Z"}
{"level":"info","message":" Dresson Server is running on http://localhost:3000","timestamp":"2026-07-24T03:04:14.039Z"}
{"level":"info","message":" Dresson Server is running on http://localhost:3000","timestamp":"2026-07-24T03:04:17.348Z"}
{"level":"info","message":" Dresson Server is running on http://localhost:3000","timestamp":"2026-07-24T03:04:24.087Z"}
{"level":"info","message":" Dresson Server is running on http://localhost:3000","timestamp":"2026-07-24T03:04:26.735Z"}
{"level":"info","message":" Dresson Server is running on http://localhost:3000","timestamp":"2026-07-24T03:04:34.016Z"}
{"level":"info","message":" Dresson Server is running on http://localhost:3000","timestamp":"2026-07-24T03:04:51.783Z"}
{"level":"info","message":" Dresson Server is running on http://localhost:3000","timestamp":"2026-07-24T03:04:54.811Z"}
{"level":"info","message":" Dresson Server is running on http://localhost:3000","timestamp":"2026-07-24T03:04:56.057Z"}
{"level":"info","message":" Dresson Server is running on http://localhost:3000","timestamp":"2026-07-24T03:06:06.147Z"}
{"level":"info","message":" Dresson Server is running on http://localhost:3000","timestamp":"2026-07-24T03:06:06.633Z"}
{"level":"info","message":" Dresson Server is running on http://localhost:3000","timestamp":"2026-07-24T03:06:19.632Z"}
{"level":"info","message":" Dresson Server is running on http://localhost:3000","timestamp":"2026-07-24T03:06:20.487Z"}
{"level":"info","message":" Dresson Server is running on http://localhost:3000","timestamp":"2026-07-24T03:07:53.778Z"}
{"level":"info","message":" Dresson Server is running on http://localhost:3000","timestamp":"2026-07-24T03:07:56.349Z"}
{"level":"info","message":" Dresson Server is running on http://localhost:3000","timestamp":"2026-07-24T03:07:56.781Z"}
{"level":"info","message":" Dresson Server is running on http://localhost:3000","timestamp":"2026-07-24T03:07:57.210Z"}
{"level":"info","message":" Dresson Server is running on http://localhost:3000","timestamp":"2026-07-24T03:07:58.663Z"}
{"level":"info","message":" Dresson Server is running on http://localhost:3000","timestamp":"2026-07-24T03:08:01.715Z"}
{"level":"info","message":" Dresson Server is running on http://localhost:3000","timestamp":"2026-07-24T03:08:08.103Z"}
{"level":"info","message":" Dresson Server is running on http://localhost:3000","timestamp":"2026-07-24T03:08:09.093Z"}
{"level":"info","message":" Dresson Server is running on http://localhost:3000","timestamp":"2026-07-24T03:08:09.463Z"}
{"level":"info","message":" Dresson Server is running on http://localhost:3000","timestamp":"2026-07-24T03:08:11.381Z"}
{"level":"info","message":" Dresson Server is running on http://localhost:3000","timestamp":"2026-07-24T03:08:12.109Z"}
{"level":"info","message":" Dresson Server is running on http://localhost:3000","timestamp":"2026-07-24T03:08:12.840Z"}
{"level":"info","message":" Dresson Server is running on http://localhost:3000","timestamp":"2026-07-24T03:08:13.366Z"}
{"level":"info","message":" Dresson Server is running on http://localhost:3000","timestamp":"2026-07-24T03:08:14.009Z"}
{"level":"info","message":" Dresson Server is running on http://localhost:3000","timestamp":"2026-07-24T03:08:14.335Z"}
{"level":"info","message":" Dresson Server is running on http://localhost:3000","timestamp":"2026-07-24T03:08:16.122Z"}
{"level":"info","message":" Dresson Server is running on http://localhost:3000","timestamp":"2026-07-24T03:08:16.824Z"}
{"level":"info","message":" Dresson Server is running on http://localhost:3000","timestamp":"2026-07-24T03:08:17.476Z"}
{"level":"info","message":" Dresson Server is running on http://localhost:3000","timestamp":"2026-07-24T03:08:18.107Z"}
{"level":"info","message":" Dresson Server is running on http://localhost:3000","timestamp":"2026-07-24T03:10:43.993Z"}
{"level":"info","message":" Dresson Server is running on http://localhost:3000","timestamp":"2026-07-24T03:10:44.740Z"}
{"level":"info","message":" Dresson Server is running on http://localhost:3000","timestamp":"2026-07-24T03:11:20.123Z"}
{"level":"info","message":" Dresson Server is running on http://localhost:3000","timestamp":"2026-07-24T03:36:45.003Z"}
{"level":"info","message":" Dresson Server is running on http://localhost:3000","timestamp":"2026-07-24T03:36:46.536Z"}
{"level":"info","message":" Dresson Server is running on http://localhost:3000","timestamp":"2026-07-24T03:36:47.810Z"}
{"level":"info","message":" Dresson Server is running on http://localhost:3000","timestamp":"2026-07-24T03:37:53.872Z"}
{"level":"info","message":" Dresson Server is running on http://localhost:3000","timestamp":"2026-07-24T03:37:57.024Z"}
{"level":"info","message":" Dresson Server is running on http://localhost:3000","timestamp":"2026-07-24T03:38:44.906Z"}
{"level":"info","message":" Dresson Server is running on http://localhost:3000","timestamp":"2026-07-24T03:38:46.460Z"}
{"level":"info","message":" Dresson Server is running on http://localhost:3000","timestamp":"2026-07-24T03:38:47.469Z"}
{"level":"info","message":" Dresson Server is running on http://localhost:3000","timestamp":"2026-07-24T03:38:48.592Z"}
{"level":"info","message":" Dresson Server is running on http://localhost:3000","timestamp":"2026-07-24T03:38:50.213Z"}
{"level":"info","message":" Dresson Server is running on http://localhost:3000","timestamp":"2026-07-24T03:38:57.354Z"}
{"level":"info","message":" Dresson Server is running on http://localhost:3000","timestamp":"2026-07-24T03:38:59.884Z"}
{"level":"info","message":" Dresson Server is running on http://localhost:3000","timestamp":"2026-07-24T03:39:05.491Z"}
{"level":"info","message":" Dresson Server is running on http://localhost:3000","timestamp":"2026-07-24T03:39:10.924Z"}
{"level":"info","message":" Dresson Server is running on http://localhost:3000","timestamp":"2026-07-24T03:39:12.374Z"}
{"level":"info","message":" Dresson Server is running on http://localhost:3000","timestamp":"2026-07-24T03:39:13.915Z"}
{"level":"info","message":" Dresson Server is running on http://localhost:3000","timestamp":"2026-07-24T03:39:14.739Z"}
{"level":"info","message":" Dresson Server is running on http://localhost:3000","timestamp":"2026-07-24T03:39:15.996Z"}
{"level":"info","message":" Dresson Server is running on http://localhost:3000","timestamp":"2026-07-24T03:39:18.245Z"}
{"level":"info","message":" Dresson Server is running on http://localhost:3000","timestamp":"2026-07-24T03:39:20.117Z"}
{"level":"info","message":" Dresson Server is running on http://localhost:3000","timestamp":"2026-07-24T03:39:21.452Z"}
{"level":"info","message":" Dresson Server is running on http://localhost:3000","timestamp":"2026-07-24T03:39:39.478Z"}
{"level":"info","message":" Dresson Server is running on http://localhost:3000","timestamp":"2026-07-24T03:40:02.306Z"}
{"level":"info","message":" Dresson Server is running on http://localhost:3000","timestamp":"2026-07-24T03:40:03.151Z"}
{"level":"info","message":" Dresson Server is running on http://localhost:3000","timestamp":"2026-07-24T03:40:03.631Z"}
{"level":"info","message":" Dresson Server is running on http://localhost:3000","timestamp":"2026-07-24T03:40:27.949Z"}
{"level":"info","message":" Dresson Server is running on http://localhost:3000","timestamp":"2026-07-24T03:40:30.203Z"}
{"level":"info","message":" Dresson Server is running on http://localhost:3000","timestamp":"2026-07-24T03:40:30.789Z"}
{"level":"info","message":" Dresson Server is running on http://localhost:3000","timestamp":"2026-07-24T03:40:32.622Z"}
{"level":"info","message":" Dresson Server is running on http://localhost:3000","timestamp":"2026-07-24T03:40:35.130Z"}
{"level":"info","message":" Dresson Server is running on http://localhost:3000","timestamp":"2026-07-24T03:41:45.905Z"}
{"level":"info","message":" Dresson Server is running on http://localhost:3000","timestamp":"2026-07-24T03:41:46.406Z"}
{"level":"info","message":" Dresson Server is running on http://localhost:3000","timestamp":"2026-07-24T03:41:48.578Z"}
{"level":"info","message":" Dresson Server is running on http://localhost:3000","timestamp":"2026-07-24T03:42:08.848Z"}
{"level":"info","message":" Dresson Server is running on http://localhost:3000","timestamp":"2026-07-24T03:42:09.821Z"}
{"level":"info","message":" Dresson Server is running on http://localhost:3000","timestamp":"2026-07-24T03:44:33.920Z"}
{"level":"info","message":" Dresson Server is running on http://localhost:3000","timestamp":"2026-07-24T03:44:36.463Z"}
{"level":"info","message":" Dresson Server is running on http://localhost:3000","timestamp":"2026-07-24T03:44:39.960Z"}
{"level":"info","message":" Dresson Server is running on http://localhost:3000","timestamp":"2026-07-24T03:44:48.256Z"}
{"level":"info","message":" Dresson Server is running on http://localhost:3000","timestamp":"2026-07-24T03:44:49.174Z"}
{"level":"info","message":" Dresson Server is running on http://localhost:3000","timestamp":"2026-07-24T03:44:53.682Z"}
{"level":"info","message":" Dresson Server is running on http://localhost:3000","timestamp":"2026-07-24T03:44:54.800Z"}
{"level":"info","message":" Dresson Server is running on http://localhost:3000","timestamp":"2026-07-24T03:44:58.948Z"}
{"level":"info","message":" Dresson Server is running on http://localhost:3000","timestamp":"2026-07-24T03:45:28.757Z"}
{"level":"info","message":" Dresson Server is running on http://localhost:3000","timestamp":"2026-07-24T03:45:29.084Z"}
{"level":"info","message":" Dresson Server is running on http://localhost:3000","timestamp":"2026-07-24T03:45:33.012Z"}
{"level":"info","message":" Dresson Server is running on http://localhost:3000","timestamp":"2026-07-24T03:45:35.689Z"}
{"level":"info","message":" Dresson Server is running on http://localhost:3000","timestamp":"2026-07-24T03:45:38.230Z"}
{"level":"info","message":" Dresson Server is running on http://localhost:3000","timestamp":"2026-07-24T03:45:43.641Z"}
{"level":"info","message":" Dresson Server is running on http://localhost:3000","timestamp":"2026-07-24T03:45:45.532Z"}
{"level":"info","message":" Dresson Server is running on http://localhost:3000","timestamp":"2026-07-24T03:45:51.064Z"}
{"level":"info","message":" Dresson Server is running on http://localhost:3000","timestamp":"2026-07-24T03:46:06.006Z"}
{"level":"info","message":" Dresson Server is running on http://localhost:3000","timestamp":"2026-07-24T03:46:07.348Z"}
{"level":"info","message":" Dresson Server is running on http://localhost:3000","timestamp":"2026-07-24T03:46:34.233Z"}
{"level":"info","message":" Dresson Server is running on http://localhost:3000","timestamp":"2026-07-24T03:46:35.907Z"}
{"level":"info","message":" Dresson Server is running on http://localhost:3000","timestamp":"2026-07-24T03:46:36.380Z"}
{"level":"info","message":" Dresson Server is running on http://localhost:3000","timestamp":"2026-07-24T03:46:36.848Z"}
{"level":"info","message":" Dresson Server is running on http://localhost:3000","timestamp":"2026-07-24T03:46:38.586Z"}
{"level":"info","message":" Dresson Server is running on http://localhost:3000","timestamp":"2026-07-24T03:46:39.073Z"}
{"level":"info","message":" Dresson Server is running on http://localhost:3000","timestamp":"2026-07-24T03:46:39.890Z"}
{"level":"info","message":" Dresson Server is running on http://localhost:3000","timestamp":"2026-07-24T03:47:11.503Z"}
{"level":"info","message":" Dresson Server is running on http://localhost:3000","timestamp":"2026-07-24T03:47:12.508Z"}
{"level":"info","message":" Dresson Server is running on http://localhost:3000","timestamp":"2026-07-24T03:47:13.911Z"}
{"level":"info","message":" Dresson Server is running on http://localhost:3000","timestamp":"2026-07-24T03:47:43.223Z"}
{"level":"info","message":" Dresson Server is running on http://localhost:3000","timestamp":"2026-07-24T03:47:46.071Z"}
{"level":"info","message":" Dresson Server is running on http://localhost:3000","timestamp":"2026-07-24T03:47:57.494Z"}
{"level":"info","message":" Dresson Server is running on http://localhost:3000","timestamp":"2026-07-24T03:47:58.016Z"}
{"level":"info","message":" Dresson Server is running on http://localhost:3000","timestamp":"2026-07-24T03:48:13.512Z"}
{"level":"info","message":" Dresson Server is running on http://localhost:3000","timestamp":"2026-07-24T03:48:22.903Z"}
{"level":"info","message":" Dresson Server is running on http://localhost:3000","timestamp":"2026-07-24T03:48:25.096Z"}
{"level":"info","message":" Dresson Server is running on http://localhost:3000","timestamp":"2026-07-24T03:48:29.720Z"}
{"level":"info","message":" Dresson Server is running on http://localhost:3000","timestamp":"2026-07-24T03:48:32.267Z"}
{"level":"info","message":" Dresson Server is running on http://localhost:3000","timestamp":"2026-07-24T03:48:42.355Z"}
{"level":"info","message":" Dresson Server is running on http://localhost:3000","timestamp":"2026-07-24T03:48:46.308Z"}
{"level":"info","message":" Dresson Server is running on http://localhost:3000","timestamp":"2026-07-24T03:48:51.482Z"}
{"level":"info","message":" Dresson Server is running on http://localhost:3000","timestamp":"2026-07-24T03:48:55.372Z"}
{"level":"info","message":" Dresson Server is running on http://localhost:3000","timestamp":"2026-07-24T03:49:00.870Z"}
{"level":"info","message":" Dresson Server is running on http://localhost:3000","timestamp":"2026-07-24T03:49:06.698Z"}
{"level":"info","message":" Dresson Server is running on http://localhost:3000","timestamp":"2026-07-24T03:49:08.961Z"}
{"level":"info","message":" Dresson Server is running on http://localhost:3000","timestamp":"2026-07-24T03:49:12.163Z"}
{"level":"info","message":" Dresson Server is running on http://localhost:3000","timestamp":"2026-07-24T03:49:17.097Z"}
{"level":"info","message":" Dresson Server is running on http://localhost:3000","timestamp":"2026-07-24T03:49:21.829Z"}
{"level":"info","message":" Dresson Server is running on http://localhost:3000","timestamp":"2026-07-24T03:49:27.085Z"}
{"level":"info","message":" Dresson Server is running on http://localhost:3000","timestamp":"2026-07-24T03:49:28.223Z"}
{"level":"info","message":" Dresson Server is running on http://localhost:3000","timestamp":"2026-07-24T03:49:33.928Z"}
{"level":"info","message":" Dresson Server is running on http://localhost:3000","timestamp":"2026-07-24T03:49:34.407Z"}
{"level":"info","message":" Dresson Server is running on http://localhost:3000","timestamp":"2026-07-24T03:49:38.537Z"}
{"level":"info","message":" Dresson Server is running on http://localhost:3000","timestamp":"2026-07-24T03:49:42.507Z"}
{"level":"info","message":" Dresson Server is running on http://localhost:3000","timestamp":"2026-07-24T03:49:46.824Z"}
{"level":"info","message":" Dresson Server is running on http://localhost:3000","timestamp":"2026-07-24T03:49:47.400Z"}
{"level":"info","message":" Dresson Server is running on http://localhost:3000","timestamp":"2026-07-24T03:49:50.810Z"}
{"level":"info","message":" Dresson Server is running on http://localhost:3000","timestamp":"2026-07-24T03:49:53.569Z"}
{"level":"info","message":" Dresson Server is running on http://localhost:3000","timestamp":"2026-07-24T03:50:00.646Z"}
{"level":"info","message":" Dresson Server is running on http://localhost:3000","timestamp":"2026-07-24T03:50:05.549Z"}
{"level":"info","message":" Dresson Server is running on http://localhost:3000","timestamp":"2026-07-24T03:57:13.307Z"}
{"level":"info","message":" Dresson Server is running on http://localhost:3000","timestamp":"2026-07-24T03:57:20.785Z"}
{"level":"info","message":" Dresson Server is running on http://localhost:3000","timestamp":"2026-07-24T03:57:24.180Z"}
{"level":"info","message":" Dresson Server is running on http://localhost:3000","timestamp":"2026-07-24T03:57:26.376Z"}
{"level":"info","message":" Dresson Server is running on http://localhost:3000","timestamp":"2026-07-24T03:57:29.206Z"}
{"level":"info","message":" Dresson Server is running on http://localhost:3000","timestamp":"2026-07-24T03:57:32.574Z"}
{"level":"info","message":" Dresson Server is running on http://localhost:3000","timestamp":"2026-07-24T03:58:14.746Z"}
{"level":"info","message":" Dresson Server is running on http://localhost:3000","timestamp":"2026-07-24T03:58:17.207Z"}
{"level":"info","message":" Dresson Server is running on http://localhost:3000","timestamp":"2026-07-24T03:58:18.861Z"}
{"level":"info","message":" Dresson Server is running on http://localhost:3000","timestamp":"2026-07-24T03:58:19.435Z"}
{"level":"info","message":" Dresson Server is running on http://localhost:3000","timestamp":"2026-07-24T03:58:20.758Z"}
{"level":"info","message":" Dresson Server is running on http://localhost:3000","timestamp":"2026-07-24T03:58:21.602Z"}
{"level":"info","message":" Dresson Server is running on http://localhost:3000","timestamp":"2026-07-24T03:58:22.464Z"}
{"level":"info","message":" Dresson Server is running on http://localhost:3000","timestamp":"2026-07-24T03:58:23.133Z"}
{"level":"info","message":" Dresson Server is running on http://localhost:3000","timestamp":"2026-07-24T03:58:26.493Z"}
{"level":"info","message":" Dresson Server is running on http://localhost:3000","timestamp":"2026-07-24T03:58:28.437Z"}
{"level":"info","message":" Dresson Server is running on http://localhost:3000","timestamp":"2026-07-24T03:58:32.693Z"}
{"level":"info","message":" Dresson Server is running on http://localhost:3000","timestamp":"2026-07-24T03:58:33.598Z"}
{"level":"info","message":" Dresson Server is running on http://localhost:3000","timestamp":"2026-07-24T03:58:34.056Z"}
{"level":"info","message":" Dresson Server is running on http://localhost:3000","timestamp":"2026-07-24T03:58:34.357Z"}
{"level":"info","message":" Dresson Server is running on http://localhost:3000","timestamp":"2026-07-24T03:58:35.492Z"}
{"level":"info","message":" Dresson Server is running on http://localhost:3000","timestamp":"2026-07-24T03:58:36.155Z"}
{"level":"info","message":" Dresson Server is running on http://localhost:3000","timestamp":"2026-07-24T03:59:56.644Z"}
{"level":"info","message":" Dresson Server is running on http://localhost:3000","timestamp":"2026-07-24T03:59:58.992Z"}
{"level":"info","message":" Dresson Server is running on http://localhost:3000","timestamp":"2026-07-24T04:11:01.463Z"}
{"level":"info","message":" Dresson Server is running on http://localhost:3000","timestamp":"2026-07-24T04:11:45.569Z"}
{"level":"info","message":" Dresson Server is running on http://localhost:3000","timestamp":"2026-07-24T04:12:01.096Z"}
{"level":"info","message":" Dresson Server is running on http://localhost:3000","timestamp":"2026-07-24T04:12:15.971Z"}
{"level":"info","message":" Dresson Server is running on http://localhost:3000","timestamp":"2026-07-24T04:12:16.684Z"}
{"level":"info","message":" Dresson Server is running on http://localhost:3000","timestamp":"2026-07-24T04:12:25.020Z"}
{"level":"info","message":" Dresson Server is running on http://localhost:3000","timestamp":"2026-07-24T04:12:33.165Z"}
{"level":"info","message":" Dresson Server is running on http://localhost:3000","timestamp":"2026-07-24T04:12:38.192Z"}
{"level":"info","message":" Dresson Server is running on http://localhost:3000","timestamp":"2026-07-24T04:12:39.647Z"}
{"level":"info","message":" Dresson Server is running on http://localhost:3000","timestamp":"2026-07-24T04:12:56.888Z"}
{"level":"info","message":" Dresson Server is running on http://localhost:3000","timestamp":"2026-07-24T04:12:57.415Z"}
{"level":"info","message":" Dresson Server is running on http://localhost:3000","timestamp":"2026-07-24T04:13:25.928Z"}
{"level":"info","message":" Dresson Server is running on http://localhost:3000","timestamp":"2026-07-24T04:13:42.436Z"}
{"level":"info","message":" Dresson Server is running on http://localhost:3000","timestamp":"2026-07-24T04:13:47.469Z"}
{"level":"info","message":" Dresson Server is running on http://localhost:3000","timestamp":"2026-07-24T04:14:56.607Z"}
{"level":"info","message":" Dresson Server is running on http://localhost:3000","timestamp":"2026-07-24T04:14:59.276Z"}
{"level":"info","message":" Dresson Server is running on http://localhost:3000","timestamp":"2026-07-24T04:14:59.681Z"}
{"level":"info","message":" Dresson Server is running on http://localhost:3000","timestamp":"2026-07-24T04:15:01.907Z"}
{"level":"info","message":" Dresson Server is running on http://localhost:3000","timestamp":"2026-07-24T04:15:03.113Z"}
{"level":"info","message":" Dresson Server is running on http://localhost:3000","timestamp":"2026-07-24T04:15:03.982Z"}
{"level":"info","message":" Dresson Server is running on http://localhost:3000","timestamp":"2026-07-24T04:15:04.575Z"}
{"level":"info","message":" Dresson Server is running on http://localhost:3000","timestamp":"2026-07-24T04:15:05.190Z"}
{"level":"info","message":" Dresson Server is running on http://localhost:3000","timestamp":"2026-07-24T04:15:05.631Z"}
{"level":"info","message":" Dresson Server is running on http://localhost:3000","timestamp":"2026-07-24T04:15:06.169Z"}
{"level":"info","message":" Dresson Server is running on http://localhost:3000","timestamp":"2026-07-24T04:15:08.739Z"}
{"level":"info","message":" Dresson Server is running on http://localhost:3000","timestamp":"2026-07-24T04:15:09.515Z"}
{"level":"info","message":" Dresson Server is running on http://localhost:3000","timestamp":"2026-07-24T04:15:10.432Z"}
{"level":"info","message":" Dresson Server is running on http://localhost:3000","timestamp":"2026-07-24T04:15:12.344Z"}
{"level":"info","message":" Dresson Server is running on http://localhost:3000","timestamp":"2026-07-24T04:47:05.581Z"}
{"level":"info","message":"Authentication successful for user ID: 6a55c35fec4a7e243c4c73d7","timestamp":"2026-07-24T04:47:13.580Z"}
{"level":"info","message":" Dresson Server is running on http://localhost:3000","timestamp":"2026-07-24T05:09:45.972Z"}
{"level":"info","message":" Dresson Server is running on http://localhost:3000","timestamp":"2026-07-24T05:10:32.645Z"}
{"level":"info","message":" Dresson Server is running on http://localhost:3000","timestamp":"2026-07-24T05:10:35.928Z"}
{"level":"info","message":" Dresson Server is running on http://localhost:3000","timestamp":"2026-07-24T05:10:38.613Z"}
{"level":"info","message":" Dresson Server is running on http://localhost:3000","timestamp":"2026-07-24T05:10:42.695Z"}
{"level":"info","message":" Dresson Server is running on http://localhost:3000","timestamp":"2026-07-24T05:10:47.085Z"}
{"level":"info","message":" Dresson Server is running on http://localhost:3000","timestamp":"2026-07-24T05:10:50.091Z"}
{"level":"info","message":" Dresson Server is running on http://localhost:3000","timestamp":"2026-07-24T05:10:56.422Z"}
{"level":"info","message":" Dresson Server is running on http://localhost:3000","timestamp":"2026-07-24T05:10:59.678Z"}
{"level":"info","message":" Dresson Server is running on http://localhost:3000","timestamp":"2026-07-24T05:11:39.525Z"}
{"level":"info","message":" Dresson Server is running on http://localhost:3000","timestamp":"2026-07-24T05:11:40.475Z"}
{"level":"info","message":" Dresson Server is running on http://localhost:3000","timestamp":"2026-07-24T05:13:46.833Z"}
{"level":"info","message":" Dresson Server is running on http://localhost:3000","timestamp":"2026-07-24T05:13:47.530Z"}
{"level":"info","message":" Dresson Server is running on http://localhost:3000","timestamp":"2026-07-24T05:14:56.529Z"}
{"level":"info","message":" Dresson Server is running on http://localhost:3000","timestamp":"2026-07-24T05:15:01.061Z"}
{"level":"info","message":" Dresson Server is running on http://localhost:3000","timestamp":"2026-07-24T05:18:31.198Z"}
{"level":"error","message":"Failure processing inventory catalog list layout: Cannot populate path `category` because it is not in your schema. Set the `strictPopulate` option to false to override.","path":"category","stack":"StrictPopulateError: Cannot populate path `category` because it is not in your schema. Set the `strictPopulate` option to false to override.\n    at getModelsMapForPopulate (/Users/bster/Desktop/Dresson/node_modules/mongoose/lib/helpers/populate/getModelsMapForPopulate.js:55:12)\n    at _populatePath (/Users/bster/Desktop/Dresson/node_modules/mongoose/lib/model.js:4495:21)\n    at Function.populate (/Users/bster/Desktop/Dresson/node_modules/mongoose/lib/model.js:4462:21)\n    at model.Query._find (/Users/bster/Desktop/Dresson/node_modules/mongoose/lib/query.js:2507:23)\n    at process.processTicksAndRejections (node:internal/process/task_queues:105:5)\n    at async maybeTracedQueryExec (/Users/bster/Desktop/Dresson/node_modules/mongoose/lib/query.js:4801:65)\n    at async Module.buildProductsListDashboard (file:///Users/bster/Desktop/Dresson/src/services/admin/adminProductService.js:153:22)\n    at async getProductsList (file:///Users/bster/Desktop/Dresson/src/controller/adminController/adminProductController.js:13:31)","timestamp":"2026-07-24T05:18:39.233Z"}
{"level":"info","message":" Dresson Server is running on http://localhost:3000","timestamp":"2026-07-24T05:21:14.514Z"}
{"level":"info","message":" Dresson Server is running on http://localhost:3000","timestamp":"2026-07-24T05:21:44.131Z"}
{"level":"info","message":" Dresson Server is running on http://localhost:3000","timestamp":"2026-07-24T05:21:44.752Z"}
{"level":"info","message":" Dresson Server is running on http://localhost:3000","timestamp":"2026-07-24T05:21:49.575Z"}
{"level":"info","message":" Dresson Server is running on http://localhost:3000","timestamp":"2026-07-24T05:21:53.994Z"}
{"level":"info","message":" Dresson Server is running on http://localhost:3000","timestamp":"2026-07-24T05:21:56.652Z"}
{"level":"info","message":" Dresson Server is running on http://localhost:3000","timestamp":"2026-07-24T05:21:58.648Z"}
{"level":"info","message":" Dresson Server is running on http://localhost:3000","timestamp":"2026-07-24T05:21:59.340Z"}
{"level":"info","message":" Dresson Server is running on http://localhost:3000","timestamp":"2026-07-24T05:22:01.421Z"}
{"level":"info","message":" Dresson Server is running on http://localhost:3000","timestamp":"2026-07-24T05:22:03.555Z"}
{"level":"info","message":" Dresson Server is running on http://localhost:3000","timestamp":"2026-07-24T05:22:04.533Z"}
{"level":"info","message":" Dresson Server is running on http://localhost:3000","timestamp":"2026-07-24T05:22:13.148Z"}
{"level":"info","message":" Dresson Server is running on http://localhost:3000","timestamp":"2026-07-24T05:22:14.492Z"}
{"level":"info","message":" Dresson Server is running on http://localhost:3000","timestamp":"2026-07-24T05:22:15.230Z"}
{"level":"info","message":" Dresson Server is running on http://localhost:3000","timestamp":"2026-07-24T05:22:17.240Z"}
{"level":"info","message":" Dresson Server is running on http://localhost:3000","timestamp":"2026-07-24T05:22:19.215Z"}
{"level":"info","message":" Dresson Server is running on http://localhost:3000","timestamp":"2026-07-24T05:22:21.979Z"}
{"level":"info","message":" Dresson Server is running on http://localhost:3000","timestamp":"2026-07-24T05:22:23.746Z"}
{"level":"info","message":" Dresson Server is running on http://localhost:3000","timestamp":"2026-07-24T05:22:24.854Z"}
{"level":"info","message":" Dresson Server is running on http://localhost:3000","timestamp":"2026-07-24T05:22:26.893Z"}
{"level":"info","message":" Dresson Server is running on http://localhost:3000","timestamp":"2026-07-24T05:22:28.487Z"}
{"level":"info","message":" Dresson Server is running on http://localhost:3000","timestamp":"2026-07-24T05:22:29.410Z"}
{"level":"info","message":" Dresson Server is running on http://localhost:3000","timestamp":"2026-07-24T05:22:31.192Z"}
{"level":"info","message":" Dresson Server is running on http://localhost:3000","timestamp":"2026-07-24T05:25:58.316Z"}
{"level":"info","message":" Dresson Server is running on http://localhost:3000","timestamp":"2026-07-24T05:26:00.038Z"}
{"level":"info","message":" Dresson Server is running on http://localhost:3000","timestamp":"2026-07-24T05:26:01.881Z"}
{"level":"info","message":" Dresson Server is running on http://localhost:3000","timestamp":"2026-07-24T05:26:05.149Z"}
{"level":"info","message":" Dresson Server is running on http://localhost:3000","timestamp":"2026-07-24T05:26:05.887Z"}
{"level":"info","message":" Dresson Server is running on http://localhost:3000","timestamp":"2026-07-24T05:26:08.993Z"}
{"level":"info","message":" Dresson Server is running on http://localhost:3000","timestamp":"2026-07-24T05:26:10.567Z"}
{"level":"info","message":" Dresson Server is running on http://localhost:3000","timestamp":"2026-07-24T05:26:11.182Z"}
{"level":"info","message":" Dresson Server is running on http://localhost:3000","timestamp":"2026-07-24T05:26:12.633Z"}
{"level":"info","message":" Dresson Server is running on http://localhost:3000","timestamp":"2026-07-24T05:26:13.490Z"}
{"level":"info","message":" Dresson Server is running on http://localhost:3000","timestamp":"2026-07-24T05:26:14.196Z"}
{"level":"info","message":" Dresson Server is running on http://localhost:3000","timestamp":"2026-07-24T05:26:15.470Z"}
{"level":"info","message":" Dresson Server is running on http://localhost:3000","timestamp":"2026-07-24T05:26:17.376Z"}
{"level":"info","message":" Dresson Server is running on http://localhost:3000","timestamp":"2026-07-24T05:26:30.757Z"}
{"level":"info","message":" Dresson Server is running on http://localhost:3000","timestamp":"2026-07-24T05:26:34.022Z"}
{"level":"info","message":" Dresson Server is running on http://localhost:3000","timestamp":"2026-07-24T05:31:33.750Z"}
{"level":"info","message":" Dresson Server is running on http://localhost:3000","timestamp":"2026-07-24T05:31:54.622Z"}
{"level":"info","message":" Dresson Server is running on http://localhost:3000","timestamp":"2026-07-24T05:31:54.996Z"}
{"level":"info","message":" Dresson Server is running on http://localhost:3000","timestamp":"2026-07-24T05:31:56.462Z"}
{"level":"info","message":" Dresson Server is running on http://localhost:3000","timestamp":"2026-07-24T05:31:57.380Z"}
{"level":"info","message":" Dresson Server is running on http://localhost:3000","timestamp":"2026-07-24T05:32:09.193Z"}
{"level":"info","message":" Dresson Server is running on http://localhost:3000","timestamp":"2026-07-24T05:32:12.297Z"}
{"level":"info","message":" Dresson Server is running on http://localhost:3000","timestamp":"2026-07-24T05:32:16.346Z"}
{"level":"info","message":" Dresson Server is running on http://localhost:3000","timestamp":"2026-07-24T05:32:17.971Z"}
{"level":"info","message":" Dresson Server is running on http://localhost:3000","timestamp":"2026-07-24T05:32:20.207Z"}
{"level":"info","message":" Dresson Server is running on http://localhost:3000","timestamp":"2026-07-24T05:32:21.149Z"}
{"level":"info","message":" Dresson Server is running on http://localhost:3000","timestamp":"2026-07-24T05:32:22.661Z"}
{"level":"info","message":" Dresson Server is running on http://localhost:3000","timestamp":"2026-07-24T05:32:23.861Z"}
{"level":"info","message":" Dresson Server is running on http://localhost:3000","timestamp":"2026-07-24T05:33:26.103Z"}
{"level":"info","message":" Dresson Server is running on http://localhost:3000","timestamp":"2026-07-24T05:33:26.995Z"}
{"level":"info","message":" Dresson Server is running on http://localhost:3000","timestamp":"2026-07-24T05:34:09.996Z"}
{"level":"info","message":" Dresson Server is running on http://localhost:3000","timestamp":"2026-07-24T05:34:14.573Z"}
{"level":"info","message":" Dresson Server is running on http://localhost:3000","timestamp":"2026-07-24T05:34:21.875Z"}
{"level":"info","message":" Dresson Server is running on http://localhost:3000","timestamp":"2026-07-24T05:34:23.443Z"}
{"level":"info","message":" Dresson Server is running on http://localhost:3000","timestamp":"2026-07-24T05:34:38.036Z"}
{"level":"info","message":" Dresson Server is running on http://localhost:3000","timestamp":"2026-07-24T05:34:39.141Z"}
{"level":"info","message":" Dresson Server is running on http://localhost:3000","timestamp":"2026-07-24T05:34:42.348Z"}
{"level":"info","message":" Dresson Server is running on http://localhost:3000","timestamp":"2026-07-24T05:34:43.678Z"}
{"level":"info","message":" Dresson Server is running on http://localhost:3000","timestamp":"2026-07-24T05:34:56.661Z"}
{"level":"info","message":" Dresson Server is running on http://localhost:3000","timestamp":"2026-07-24T05:34:57.888Z"}
{"level":"info","message":" Dresson Server is running on http://localhost:3000","timestamp":"2026-07-24T05:34:59.686Z"}
{"level":"info","message":" Dresson Server is running on http://localhost:3000","timestamp":"2026-07-24T05:35:00.906Z"}
{"level":"info","message":" Dresson Server is running on http://localhost:3000","timestamp":"2026-07-24T05:35:01.279Z"}
{"level":"info","message":" Dresson Server is running on http://localhost:3000","timestamp":"2026-07-24T05:35:02.741Z"}
{"level":"info","message":" Dresson Server is running on http://localhost:3000","timestamp":"2026-07-24T05:35:56.081Z"}
{"level":"info","message":" Dresson Server is running on http://localhost:3000","timestamp":"2026-07-24T05:36:00.153Z"}
{"level":"info","message":" Dresson Server is running on http://localhost:3000","timestamp":"2026-07-24T05:36:11.165Z"}
{"level":"info","message":" Dresson Server is running on http://localhost:3000","timestamp":"2026-07-24T05:36:33.377Z"}
{"level":"info","message":" Dresson Server is running on http://localhost:3000","timestamp":"2026-07-24T05:36:35.067Z"}
{"level":"info","message":" Dresson Server is running on http://localhost:3000","timestamp":"2026-07-24T05:36:42.832Z"}
{"level":"info","message":" Dresson Server is running on http://localhost:3000","timestamp":"2026-07-24T05:36:43.774Z"}
{"level":"info","message":" Dresson Server is running on http://localhost:3000","timestamp":"2026-07-24T05:36:47.920Z"}
{"level":"info","message":" Dresson Server is running on http://localhost:3000","timestamp":"2026-07-24T05:36:49.134Z"}
{"level":"info","message":" Dresson Server is running on http://localhost:3000","timestamp":"2026-07-24T05:37:04.961Z"}
{"level":"info","message":" Dresson Server is running on http://localhost:3000","timestamp":"2026-07-24T05:37:13.510Z"}
{"level":"info","message":" Dresson Server is running on http://localhost:3000","timestamp":"2026-07-24T05:37:23.238Z"}
{"level":"info","message":" Dresson Server is running on http://localhost:3000","timestamp":"2026-07-24T05:37:23.744Z"}
{"level":"info","message":" Dresson Server is running on http://localhost:3000","timestamp":"2026-07-24T05:37:24.326Z"}
{"level":"info","message":" Dresson Server is running on http://localhost:3000","timestamp":"2026-07-24T05:37:25.056Z"}
{"level":"info","message":" Dresson Server is running on http://localhost:3000","timestamp":"2026-07-24T05:37:42.758Z"}
{"level":"info","message":" Dresson Server is running on http://localhost:3000","timestamp":"2026-07-24T05:38:09.035Z"}
{"level":"error","message":"Failure processing inventory catalog list layout: parentCategory is not defined","stack":"ReferenceError: parentCategory is not defined\n    at Module.buildProductsListDashboard (file:///Users/bster/Desktop/Dresson/src/services/admin/adminProductService.js:117:17)\n    at process.processTicksAndRejections (node:internal/process/task_queues:105:5)\n    at async getProductsList (file:///Users/bster/Desktop/Dresson/src/controller/adminController/adminProductController.js:13:31)","timestamp":"2026-07-24T05:38:15.867Z"}
{"level":"info","message":" Dresson Server is running on http://localhost:3000","timestamp":"2026-07-24T05:39:32.457Z"}
{"level":"info","message":" Dresson Server is running on http://localhost:3000","timestamp":"2026-07-24T05:39:33.695Z"}
{"level":"info","message":" Dresson Server is running on http://localhost:3000","timestamp":"2026-07-24T05:39:41.192Z"}
{"level":"info","message":" Dresson Server is running on http://localhost:3000","timestamp":"2026-07-24T05:44:40.735Z"}
{"level":"info","message":" Dresson Server is running on http://localhost:3000","timestamp":"2026-07-24T05:48:37.283Z"}
{"level":"info","message":" Dresson Server is running on http://localhost:3000","timestamp":"2026-07-24T05:49:06.590Z"}
{"level":"info","message":" Dresson Server is running on http://localhost:3000","timestamp":"2026-07-24T05:49:37.282Z"}
{"level":"info","message":" Dresson Server is running on http://localhost:3000","timestamp":"2026-07-24T05:49:47.639Z"}
{"level":"info","message":" Dresson Server is running on http://localhost:3000","timestamp":"2026-07-24T05:49:54.615Z"}
{"level":"info","message":" Dresson Server is running on http://localhost:3000","timestamp":"2026-07-24T05:49:56.480Z"}
{"level":"info","message":" Dresson Server is running on http://localhost:3000","timestamp":"2026-07-24T05:49:59.894Z"}
{"level":"info","message":" Dresson Server is running on http://localhost:3000","timestamp":"2026-07-24T05:50:16.605Z"}
{"level":"info","message":" Dresson Server is running on http://localhost:3000","timestamp":"2026-07-24T05:50:17.727Z"}
{"level":"info","message":" Dresson Server is running on http://localhost:3000","timestamp":"2026-07-24T05:50:20.588Z"}
{"level":"info","message":" Dresson Server is running on http://localhost:3000","timestamp":"2026-07-24T05:50:25.319Z"}
{"level":"info","message":" Dresson Server is running on http://localhost:3000","timestamp":"2026-07-24T05:50:25.723Z"}
{"level":"info","message":" Dresson Server is running on http://localhost:3000","timestamp":"2026-07-24T05:50:34.557Z"}
{"level":"info","message":" Dresson Server is running on http://localhost:3000","timestamp":"2026-07-24T05:50:35.670Z"}
{"level":"info","message":" Dresson Server is running on http://localhost:3000","timestamp":"2026-07-24T05:50:43.305Z"}
{"level":"info","message":" Dresson Server is running on http://localhost:3000","timestamp":"2026-07-24T05:50:44.244Z"}
{"level":"info","message":" Dresson Server is running on http://localhost:3000","timestamp":"2026-07-24T05:50:49.245Z"}
{"level":"info","message":" Dresson Server is running on http://localhost:3000","timestamp":"2026-07-24T05:50:50.523Z"}
{"level":"info","message":" Dresson Server is running on http://localhost:3000","timestamp":"2026-07-24T05:50:54.754Z"}
{"level":"info","message":" Dresson Server is running on http://localhost:3000","timestamp":"2026-07-24T05:50:55.596Z"}
{"level":"info","message":" Dresson Server is running on http://localhost:3000","timestamp":"2026-07-24T05:50:59.042Z"}
{"level":"info","message":" Dresson Server is running on http://localhost:3000","timestamp":"2026-07-24T05:51:00.184Z"}
{"level":"info","message":" Dresson Server is running on http://localhost:3000","timestamp":"2026-07-24T05:51:03.998Z"}
{"level":"info","message":" Dresson Server is running on http://localhost:3000","timestamp":"2026-07-24T05:51:10.224Z"}
{"level":"info","message":" Dresson Server is running on http://localhost:3000","timestamp":"2026-07-24T05:51:13.079Z"}
{"level":"info","message":" Dresson Server is running on http://localhost:3000","timestamp":"2026-07-24T05:51:24.083Z"}
{"level":"info","message":" Dresson Server is running on http://localhost:3000","timestamp":"2026-07-24T05:51:37.496Z"}
{"level":"info","message":" Dresson Server is running on http://localhost:3000","timestamp":"2026-07-24T05:51:52.391Z"}
{"level":"info","message":"[CATEGORY CREATION] Successfully created category \"Boys (2 to 12 Year old)\" (Kids) with slug: \"kids-boys-2-to-12-year-old\"","timestamp":"2026-07-24T05:58:54.995Z"}
{"level":"info","message":"[CATEGORY CREATION] Successfully created category \"T-Shirts & Polo Shirts, Shirts, Jeans & Trousers\" (Kids) with slug: \"kids-t-shirts-polo-shirts-shirts-jeans-trousers\"","timestamp":"2026-07-24T05:59:45.597Z"}
{"level":"info","message":"[CATEGORY CREATION] Successfully created category \"Girls\" (Kids) with slug: \"kids-girls\"","timestamp":"2026-07-24T06:00:16.082Z"}
{"level":"info","message":"[CATEGORY CREATION] Successfully created category \"Frocks & Dresses, Tops & T-Shirts, Skirts & Skorts\" (Kids) with slug: \"kids-frocks-dresses-tops-t-shirts-skirts-skorts\"","timestamp":"2026-07-24T06:00:41.978Z"}
{"_message":"Product validation failed","errors":{"color":{"kind":"required","message":"Path `color` is required.","name":"ValidatorError","path":"color","properties":{"message":"Path `color` is required.","path":"color","type":"required"}}},"level":"error","message":"Error publishing new catalog entry: Product validation failed: color: Path `color` is required.","stack":"ValidationError: Product validation failed: color: Path `color` is required.\n    at model.validate (/Users/bster/Desktop/Dresson/node_modules/mongoose/lib/document.js:2864:36)\n    at process.processTicksAndRejections (node:internal/process/task_queues:105:5)\n    at async model.$__save (/Users/bster/Desktop/Dresson/node_modules/mongoose/lib/model.js:398:7)\n    at async maybeTracedSave (/Users/bster/Desktop/Dresson/node_modules/mongoose/lib/model.js:674:7)\n    at async Module.createProduct (file:///Users/bster/Desktop/Dresson/src/repository/admin/adminProductRepository.js:42:12)\n    at async Module.executeProductCreate (file:///Users/bster/Desktop/Dresson/src/services/admin/adminProductService.js:60:12)\n    at async postAddProduct (file:///Users/bster/Desktop/Dresson/src/controller/adminController/adminProductController.js:75:9)","timestamp":"2026-07-24T06:04:53.032Z"}
{"_message":"Product validation failed","errors":{"color":{"kind":"required","message":"Path `color` is required.","name":"ValidatorError","path":"color","properties":{"message":"Path `color` is required.","path":"color","type":"required"}}},"level":"error","message":"Error publishing new catalog entry: Product validation failed: color: Path `color` is required.","stack":"ValidationError: Product validation failed: color: Path `color` is required.\n    at model.validate (/Users/bster/Desktop/Dresson/node_modules/mongoose/lib/document.js:2864:36)\n    at process.processTicksAndRejections (node:internal/process/task_queues:105:5)\n    at async model.$__save (/Users/bster/Desktop/Dresson/node_modules/mongoose/lib/model.js:398:7)\n    at async maybeTracedSave (/Users/bster/Desktop/Dresson/node_modules/mongoose/lib/model.js:674:7)\n    at async Module.createProduct (file:///Users/bster/Desktop/Dresson/src/repository/admin/adminProductRepository.js:42:12)\n    at async Module.executeProductCreate (file:///Users/bster/Desktop/Dresson/src/services/admin/adminProductService.js:60:12)\n    at async postAddProduct (file:///Users/bster/Desktop/Dresson/src/controller/adminController/adminProductController.js:75:9)","timestamp":"2026-07-24T06:07:21.292Z"}
{"_message":"Product validation failed","errors":{"color":{"kind":"required","message":"Path `color` is required.","name":"ValidatorError","path":"color","properties":{"message":"Path `color` is required.","path":"color","type":"required"}}},"level":"error","message":"Error publishing new catalog entry: Product validation failed: color: Path `color` is required.","stack":"ValidationError: Product validation failed: color: Path `color` is required.\n    at model.validate (/Users/bster/Desktop/Dresson/node_modules/mongoose/lib/document.js:2864:36)\n    at process.processTicksAndRejections (node:internal/process/task_queues:105:5)\n    at async model.$__save (/Users/bster/Desktop/Dresson/node_modules/mongoose/lib/model.js:398:7)\n    at async maybeTracedSave (/Users/bster/Desktop/Dresson/node_modules/mongoose/lib/model.js:674:7)\n    at async Module.createProduct (file:///Users/bster/Desktop/Dresson/src/repository/admin/adminProductRepository.js:42:12)\n    at async Module.executeProductCreate (file:///Users/bster/Desktop/Dresson/src/services/admin/adminProductService.js:60:12)\n    at async postAddProduct (file:///Users/bster/Desktop/Dresson/src/controller/adminController/adminProductController.js:75:9)","timestamp":"2026-07-24T06:09:33.702Z"}
{"_message":"Product validation failed","errors":{"color":{"kind":"required","message":"Path `color` is required.","name":"ValidatorError","path":"color","properties":{"message":"Path `color` is required.","path":"color","type":"required"}}},"level":"error","message":"Error publishing new catalog entry: Product validation failed: color: Path `color` is required.","stack":"ValidationError: Product validation failed: color: Path `color` is required.\n    at model.validate (/Users/bster/Desktop/Dresson/node_modules/mongoose/lib/document.js:2864:36)\n    at process.processTicksAndRejections (node:internal/process/task_queues:105:5)\n    at async model.$__save (/Users/bster/Desktop/Dresson/node_modules/mongoose/lib/model.js:398:7)\n    at async maybeTracedSave (/Users/bster/Desktop/Dresson/node_modules/mongoose/lib/model.js:674:7)\n    at async Module.createProduct (file:///Users/bster/Desktop/Dresson/src/repository/admin/adminProductRepository.js:42:12)\n    at async Module.executeProductCreate (file:///Users/bster/Desktop/Dresson/src/services/admin/adminProductService.js:60:12)\n    at async postAddProduct (file:///Users/bster/Desktop/Dresson/src/controller/adminController/adminProductController.js:75:9)","timestamp":"2026-07-24T06:10:50.400Z"}
{"level":"info","message":" Dresson Server is running on http://localhost:3000","timestamp":"2026-07-24T06:20:36.871Z"}
{"level":"error","message":"Global Error Handler caught:","timestamp":"2026-07-24T06:23:31.585Z"}
{"level":"error","message":"Global Error Handler caught:","timestamp":"2026-07-24T06:23:56.525Z"}
{"level":"info","message":" Dresson Server is running on http://localhost:3000","timestamp":"2026-07-24T06:31:15.782Z"}
{"_message":"Product validation failed","errors":{"color":{"kind":"required","message":"Path `color` is required.","name":"ValidatorError","path":"color","properties":{"message":"Path `color` is required.","path":"color","type":"required"}}},"level":"error","message":"Error publishing new catalog entry: Product validation failed: color: Path `color` is required.","stack":"ValidationError: Product validation failed: color: Path `color` is required.\n    at model.validate (/Users/bster/Desktop/Dresson/node_modules/mongoose/lib/document.js:2864:36)\n    at process.processTicksAndRejections (node:internal/process/task_queues:105:5)\n    at async model.$__save (/Users/bster/Desktop/Dresson/node_modules/mongoose/lib/model.js:398:7)\n    at async maybeTracedSave (/Users/bster/Desktop/Dresson/node_modules/mongoose/lib/model.js:674:7)\n    at async Module.createProduct (file:///Users/bster/Desktop/Dresson/src/repository/admin/adminProductRepository.js:42:12)\n    at async Module.executeProductCreate (file:///Users/bster/Desktop/Dresson/src/services/admin/adminProductService.js:60:12)\n    at async postAddProduct (file:///Users/bster/Desktop/Dresson/src/controller/adminController/adminProductController.js:75:9)","timestamp":"2026-07-24T06:33:45.124Z"}
{"level":"info","message":" Dresson Server is running on http://localhost:3000","timestamp":"2026-07-24T06:37:23.103Z"}
{"level":"error","message":"Global Error Handler caught:","timestamp":"2026-07-24T06:39:36.751Z"}
{"level":"info","message":" Dresson Server is running on http://localhost:3000","timestamp":"2026-07-24T06:43:33.061Z"}
{"level":"info","message":" Dresson Server is running on http://localhost:3000","timestamp":"2026-07-24T07:35:24.692Z"}
{"level":"info","message":" Dresson Server is running on http://localhost:3000","timestamp":"2026-07-24T07:35:33.561Z"}
{"level":"info","message":" Dresson Server is running on http://localhost:3000","timestamp":"2026-07-24T07:35:45.253Z"}
{"level":"info","message":"[CATALOG CREATE] Successfully published product \"Van Huesen formal full sleeve shirt\"","timestamp":"2026-07-24T07:37:04.070Z"}
{"level":"info","message":"[CATALOG STATUS] Toggled \"H&M Girls Floral Cotton Dress\" isListed to: true","timestamp":"2026-07-24T07:45:00.543Z"}
{"level":"info","message":" Dresson Server is running on http://localhost:3000","timestamp":"2026-07-24T07:46:17.902Z"}
{"level":"info","message":" Dresson Server is running on http://localhost:3000","timestamp":"2026-07-24T07:46:41.448Z"}
{"level":"info","message":" Dresson Server is running on http://localhost:3000","timestamp":"2026-07-24T07:48:06.283Z"}
{"level":"info","message":" Dresson Server is running on http://localhost:3000","timestamp":"2026-07-24T07:48:09.037Z"}
{"level":"info","message":" Dresson Server is running on http://localhost:3000","timestamp":"2026-07-24T07:48:10.821Z"}
{"level":"info","message":" Dresson Server is running on http://localhost:3000","timestamp":"2026-07-24T07:48:11.861Z"}
{"level":"info","message":" Dresson Server is running on http://localhost:3000","timestamp":"2026-07-24T07:48:12.554Z"}
{"level":"info","message":" Dresson Server is running on http://localhost:3000","timestamp":"2026-07-24T07:48:12.973Z"}
{"level":"info","message":" Dresson Server is running on http://localhost:3000","timestamp":"2026-07-24T07:48:13.850Z"}
{"level":"info","message":" Dresson Server is running on http://localhost:3000","timestamp":"2026-07-24T07:48:14.585Z"}
{"level":"info","message":" Dresson Server is running on http://localhost:3000","timestamp":"2026-07-24T07:49:13.565Z"}
{"level":"info","message":" Dresson Server is running on http://localhost:3000","timestamp":"2026-07-24T07:49:15.131Z"}
{"level":"info","message":" Dresson Server is running on http://localhost:3000","timestamp":"2026-07-24T07:49:16.006Z"}
{"level":"info","message":" Dresson Server is running on http://localhost:3000","timestamp":"2026-07-24T07:49:18.013Z"}
{"level":"info","message":" Dresson Server is running on http://localhost:3000","timestamp":"2026-07-24T07:49:19.208Z"}
{"level":"info","message":" Dresson Server is running on http://localhost:3000","timestamp":"2026-07-24T07:49:20.118Z"}
{"level":"info","message":" Dresson Server is running on http://localhost:3000","timestamp":"2026-07-24T07:49:21.336Z"}
{"level":"info","message":" Dresson Server is running on http://localhost:3000","timestamp":"2026-07-24T07:49:22.004Z"}
{"level":"info","message":" Dresson Server is running on http://localhost:3000","timestamp":"2026-07-24T07:49:22.581Z"}
{"level":"info","message":" Dresson Server is running on http://localhost:3000","timestamp":"2026-07-24T07:49:23.234Z"}
{"level":"info","message":" Dresson Server is running on http://localhost:3000","timestamp":"2026-07-24T07:49:23.701Z"}
{"level":"info","message":" Dresson Server is running on http://localhost:3000","timestamp":"2026-07-24T07:49:24.335Z"}
{"level":"info","message":" Dresson Server is running on http://localhost:3000","timestamp":"2026-07-24T07:50:53.608Z"}
{"level":"info","message":" Dresson Server is running on http://localhost:3000","timestamp":"2026-07-24T07:51:26.454Z"}
{"level":"info","message":" Dresson Server is running on http://localhost:3000","timestamp":"2026-07-24T07:51:28.704Z"}
{"level":"info","message":" Dresson Server is running on http://localhost:3000","timestamp":"2026-07-24T07:51:29.274Z"}
{"level":"info","message":" Dresson Server is running on http://localhost:3000","timestamp":"2026-07-24T07:55:27.399Z"}
{"level":"info","message":" Dresson Server is running on http://localhost:3000","timestamp":"2026-07-24T08:00:34.984Z"}
{"level":"info","message":" Dresson Server is running on http://localhost:3000","timestamp":"2026-07-24T08:00:37.094Z"}
{"level":"info","message":" Dresson Server is running on http://localhost:3000","timestamp":"2026-07-24T08:00:51.257Z"}
{"level":"info","message":" Dresson Server is running on http://localhost:3000","timestamp":"2026-07-24T08:01:19.673Z"}
{"level":"info","message":" Dresson Server is running on http://localhost:3000","timestamp":"2026-07-24T08:07:07.357Z"}
{"level":"info","message":" Dresson Server is running on http://localhost:3000","timestamp":"2026-07-24T08:07:34.819Z"}
{"level":"info","message":" Dresson Server is running on http://localhost:3000","timestamp":"2026-07-24T08:08:05.329Z"}
{"level":"info","message":" Dresson Server is running on http://localhost:3000","timestamp":"2026-07-24T08:08:06.285Z"}
{"level":"info","message":" Dresson Server is running on http://localhost:3000","timestamp":"2026-07-24T08:10:07.476Z"}
{"level":"info","message":" Dresson Server is running on http://localhost:3000","timestamp":"2026-07-24T08:16:04.316Z"}
{"level":"info","message":" Dresson Server is running on http://localhost:3000","timestamp":"2026-07-24T08:16:10.256Z"}
{"level":"info","message":" Dresson Server is running on http://localhost:3000","timestamp":"2026-07-24T08:17:59.504Z"}
{"level":"info","message":" Dresson Server is running on http://localhost:3000","timestamp":"2026-07-24T08:18:01.952Z"}
{"level":"info","message":" Dresson Server is running on http://localhost:3000","timestamp":"2026-07-24T08:18:02.917Z"}
{"level":"info","message":" Dresson Server is running on http://localhost:3000","timestamp":"2026-07-24T08:18:03.496Z"}
{"level":"info","message":" Dresson Server is running on http://localhost:3000","timestamp":"2026-07-24T08:18:13.668Z"}
{"level":"info","message":" Dresson Server is running on http://localhost:3000","timestamp":"2026-07-24T08:18:15.651Z"}
{"level":"info","message":" Dresson Server is running on http://localhost:3000","timestamp":"2026-07-24T08:18:22.512Z"}
{"level":"info","message":" Dresson Server is running on http://localhost:3000","timestamp":"2026-07-24T08:18:26.337Z"}
{"level":"info","message":" Dresson Server is running on http://localhost:3000","timestamp":"2026-07-24T08:18:32.140Z"}
{"level":"info","message":" Dresson Server is running on http://localhost:3000","timestamp":"2026-07-24T08:18:34.877Z"}
